id,lastpage,startdate,datestamp,randnumber,consent,auswahl1,skala1,auswahl2,skala2,auswahl3,skala3,auswahl4,skala4,kontrolle1,kontrolle2b,alter,geschlecht,bildung
1,20,2026-04-10 15:11:07,2026-04-10 15:14:51,2,1.0,,,2.0,6.0,,,,,2.0,1.0,82.0,2.0,2.0
2,16,2026-04-10 15:14:41,2026-04-10 15:17:10,3,1.0,,,,,2.0,3.0,,,2.0,0.0,,,
3,16,2026-04-10 15:21:42,2026-04-10 15:23:18,1,1.0,3.0,7.0,,,,,,,2.0,0.0,,,
4,16,2026-04-10 15:26:27,2026-04-10 15:28:33,1,1.0,1.0,7.0,,,,,,,2.0,0.0,,,
5,20,2026-04-10 15:30:55,2026-04-10 15:32:54,3,1.0,,,,,3.0,7.0,,,2.0,1.0,57.0,2.0,8.0
6,20,2026-04-10 15:37:56,2026-04-10 15:41:29,4,1.0,,,,,,,3.0,6.0,2.0,1.0,55.0,2.0,5.0
7,16,2026-04-10 15:38:07,2026-04-10 15:39:16,3,1.0,,,,,3.0,4.0,,,2.0,0.0,,,
8,20,2026-04-10 15:39:18,2026-04-10 15:42:05,1,1.0,1.0,7.0,,,,,,,2.0,1.0,63.0,1.0,2.0
9,20,2026-04-10 15:39:19,2026-04-10 15:41:42,4,1.0,,,,,,,2.0,7.0,2.0,1.0,62.0,1.0,5.0
10,20,2026-04-10 15:40:35,2026-04-10 15:42:20,2,1.0,,,2.0,7.0,,,,,2.0,1.0,28.0,2.0,5.0
11,20,2026-04-10 15:42:06,2026-04-10 15:43:48,1,1.0,1.0,7.0,,,,,,,2.0,1.0,49.0,2.0,2.0
12,16,2026-04-10 15:43:11,2026-04-10 15:45:03,4,1.0,,,,,,,1.0,6.0,2.0,0.0,,,
13,2,2026-04-10 15:43:20,2026-04-10 15:43:20,2,,,,,,,,,,,,,,
14,2,2026-04-10 15:44:21,2026-04-10 15:44:21,3,,,,,,,,,,,,,,
15,16,2026-04-10 15:44:46,2026-04-10 15:47:21,2,1.0,,,3.0,7.0,,,,,2.0,0.0,,,
16,20,2026-04-10 15:45:17,2026-04-10 15:48:01,2,1.0,,,4.0,7.0,,,,,2.0,1.0,64.0,1.0,8.0
17,14,2026-04-10 15:47:08,2026-04-10 15:48:36,4,1.0,,,,,,,3.0,3.0,4.0,,,,
18,20,2026-04-10 15:50:41,2026-04-10 15:52:45,2,1.0,,,1.0,6.0,,,,,2.0,1.0,41.0,1.0,3.0
19,14,2026-04-10 15:54:24,2026-04-10 15:57:01,3,1.0,,,,,3.0,7.0,,,4.0,,,,
20,20,2026-04-10 15:58:02,2026-04-10 16:04:41,1,1.0,3.0,7.0,,,,,,,2.0,1.0,64.0,2.0,5.0
21,20,2026-04-10 15:58:51,2026-04-10 16:01:24,3,1.0,,,,,1.0,4.0,,,2.0,1.0,71.0,1.0,8.0
22,20,2026-04-10 16:00:18,2026-04-10 16:05:40,4,1.0,,,,,,,3.0,5.0,2.0,1.0,49.0,1.0,6.0
23,2,2026-04-10 16:03:25,2026-04-10 16:03:25,4,,,,,,,,,,,,,,
24,16,2026-04-10 16:09:06,2026-04-10 16:10:40,3,1.0,,,,,1.0,7.0,,,2.0,0.0,,,
25,20,2026-04-10 16:11:23,2026-04-10 16:14:18,1,1.0,4.0,6.0,,,,,,,2.0,1.0,39.0,1.0,5.0
26,16,2026-04-10 16:15:29,2026-04-10 16:16:38,4,1.0,,,,,,,3.0,6.0,2.0,0.0,,,
27,16,2026-04-10 16:15:45,2026-04-10 16:17:16,2,1.0,,,2.0,7.0,,,,,2.0,0.0,,,
28,20,2026-04-10 16:46:28,2026-04-10 16:47:44,3,1.0,,,,,3.0,7.0,,,2.0,1.0,23.0,2.0,4.0
29,20,2026-04-10 16:49:46,2026-04-10 16:54:14,1,1.0,3.0,7.0,,,,,,,2.0,1.0,69.0,2.0,5.0
30,2,2026-04-10 16:56:15,2026-04-10 16:56:15,4,,,,,,,,,,,,,,
31,16,2026-04-10 17:10:00,2026-04-10 17:11:45,4,1.0,,,,,,,4.0,3.0,2.0,0.0,,,
32,4,2026-04-10 17:21:41,2026-04-10 17:22:29,2,0.0,,,,,,,,,,,,,
33,16,2026-04-10 17:24:07,2026-04-10 17:25:20,3,1.0,,,,,5.0,7.0,,,2.0,0.0,,,
34,14,2026-04-10 17:25:29,2026-04-10 18:09:44,2,1.0,,,5.0,4.0,,,,,5.0,,,,
35,20,2026-04-10 17:28:39,2026-04-10 17:45:37,3,1.0,,,,,1.0,3.0,,,2.0,1.0,62.0,1.0,4.0
36,20,2026-04-10 17:32:16,2026-04-10 17:44:59,1,1.0,1.0,7.0,,,,,,,2.0,1.0,68.0,2.0,5.0
37,20,2026-04-10 17:35:43,2026-04-10 17:37:35,4,1.0,,,,,,,1.0,7.0,2.0,1.0,40.0,2.0,4.0
38,20,2026-04-10 17:41:47,2026-04-10 17:43:55,2,1.0,,,3.0,6.0,,,,,2.0,1.0,46.0,1.0,6.0
39,20,2026-04-10 17:42:59,2026-04-10 17:45:13,2,1.0,,,3.0,7.0,,,,,2.0,1.0,44.0,2.0,5.0
40,16,2026-04-10 17:46:11,2026-04-10 17:48:00,1,1.0,1.0,7.0,,,,,,,2.0,0.0,,,
41,20,2026-04-10 17:58:41,2026-04-10 18:00:24,1,1.0,3.0,4.0,,,,,,,2.0,1.0,34.0,1.0,3.0
42,4,2026-04-10 18:01:31,2026-04-10 18:02:08,4,0.0,,,,,,,,,,,,,
43,20,2026-04-10 18:11:33,2026-04-10 18:23:16,4,1.0,,,,,,,3.0,7.0,2.0,1.0,58.0,1.0,7.0
44,20,2026-04-10 18:13:32,2026-04-10 18:16:52,2,1.0,,,3.0,7.0,,,,,2.0,1.0,67.0,1.0,7.0
45,16,2026-04-10 18:28:25,2026-04-10 18:30:13,2,1.0,,,3.0,5.0,,,,,2.0,0.0,,,
46,9,2026-04-10 18:33:23,2026-04-10 18:33:44,3,1.0,,,,,,,,,,,,,
47,20,2026-04-10 18:43:16,2026-04-10 18:46:26,2,1.0,,,2.0,6.0,,,,,2.0,1.0,80.0,1.0,2.0
48,16,2026-04-10 18:44:54,2026-04-10 18:46:42,2,1.0,,,2.0,7.0,,,,,2.0,0.0,,,
49,16,2026-04-10 18:54:36,2026-04-10 18:58:05,4,1.0,,,,,,,4.0,2.0,2.0,0.0,,,
50,20,2026-04-10 18:56:43,2026-04-10 19:00:01,2,1.0,,,1.0,7.0,,,,,2.0,1.0,64.0,2.0,5.0
51,20,2026-04-10 19:03:02,2026-04-10 19:06:47,4,1.0,,,,,,,3.0,5.0,2.0,1.0,45.0,1.0,5.0
52,20,2026-04-10 19:16:44,2026-04-10 19:18:18,4,1.0,,,,,,,2.0,7.0,2.0,1.0,38.0,1.0,5.0
53,20,2026-04-10 19:31:56,2026-04-10 19:34:49,2,1.0,,,2.0,6.0,,,,,2.0,1.0,30.0,2.0,7.0
54,20,2026-04-10 19:37:03,2026-04-10 19:38:24,3,1.0,,,,,3.0,6.0,,,2.0,1.0,45.0,1.0,8.0
55,4,2026-04-10 19:37:46,2026-04-10 19:38:17,3,0.0,,,,,,,,,,,,,
56,20,2026-04-10 19:43:07,2026-04-10 19:45:43,2,1.0,,,2.0,4.0,,,,,2.0,1.0,53.0,1.0,3.0
57,2,2026-04-10 19:46:35,2026-04-10 19:46:35,3,,,,,,,,,,,,,,
58,20,2026-04-10 19:52:19,2026-04-10 19:55:13,3,1.0,,,,,3.0,4.0,,,2.0,1.0,67.0,2.0,2.0
59,4,2026-04-10 20:02:47,2026-04-10 20:02:59,2,0.0,,,,,,,,,,,,,
60,2,2026-04-10 20:05:47,2026-04-10 20:05:47,3,,,,,,,,,,,,,,
61,16,2026-04-10 20:06:07,2026-04-10 20:08:50,2,1.0,,,1.0,6.0,,,,,2.0,0.0,,,
62,4,2026-04-10 20:10:01,2026-04-10 20:10:26,1,0.0,,,,,,,,,,,,,
63,20,2026-04-10 20:15:42,2026-04-10 20:17:50,3,1.0,,,,,1.0,3.0,,,2.0,1.0,45.0,1.0,5.0
64,20,2026-04-10 20:32:28,2026-04-10 20:34:46,1,1.0,3.0,7.0,,,,,,,2.0,1.0,42.0,2.0,5.0
65,16,2026-04-10 21:52:12,2026-04-10 21:53:46,4,1.0,,,,,,,1.0,3.0,2.0,0.0,,,
66,20,2026-04-10 22:07:49,2026-04-10 22:12:21,4,1.0,,,,,,,2.0,5.0,2.0,1.0,67.0,2.0,8.0
67,4,2026-04-10 23:04:00,2026-04-10 23:04:36,1,0.0,,,,,,,,,,,,,
68,2,2026-04-10 23:10:41,2026-04-10 23:10:41,4,,,,,,,,,,,,,,
69,20,2026-04-11 00:33:34,2026-04-11 00:38:17,1,1.0,1.0,7.0,,,,,,,2.0,1.0,61.0,1.0,4.0
70,20,2026-04-11 00:34:11,2026-04-11 00:37:14,3,1.0,,,,,3.0,3.0,,,2.0,1.0,65.0,1.0,8.0
71,20,2026-04-11 01:27:50,2026-04-11 01:33:32,4,1.0,,,,,,,4.0,4.0,2.0,1.0,63.0,2.0,5.0
72,16,2026-04-11 01:37:56,2026-04-11 01:40:25,3,1.0,,,,,2.0,6.0,,,2.0,0.0,,,
73,20,2026-04-11 06:58:05,2026-04-11 07:00:06,1,1.0,1.0,7.0,,,,,,,2.0,1.0,42.0,2.0,5.0
74,6,2026-04-11 07:56:00,2026-04-11 07:56:52,1,1.0,1.0,,,,,,,,,,,,
75,20,2026-04-11 08:17:19,2026-04-11 08:19:06,4,1.0,,,,,,,3.0,4.0,2.0,1.0,36.0,1.0,3.0
76,20,2026-04-11 08:38:15,2026-04-11 08:42:45,2,1.0,,,4.0,7.0,,,,,2.0,1.0,54.0,1.0,7.0
77,20,2026-04-11 08:42:15,2026-04-11 08:44:28,2,1.0,,,3.0,6.0,,,,,2.0,1.0,61.0,2.0,8.0
78,20,2026-04-11 08:49:28,2026-04-11 08:51:37,1,1.0,3.0,7.0,,,,,,,2.0,1.0,34.0,1.0,5.0
79,20,2026-04-11 08:50:20,2026-04-11 08:52:22,2,1.0,,,2.0,7.0,,,,,2.0,1.0,58.0,2.0,4.0
80,4,2026-04-11 09:59:30,2026-04-11 09:59:42,4,0.0,,,,,,,,,,,,,
81,16,2026-04-11 10:21:16,2026-04-11 10:26:55,3,1.0,,,,,3.0,6.0,,,2.0,0.0,,,
82,20,2026-04-11 10:50:38,2026-04-11 10:52:36,1,1.0,3.0,7.0,,,,,,,2.0,1.0,50.0,2.0,8.0
83,20,2026-04-11 11:59:05,2026-04-11 12:01:28,3,1.0,,,,,1.0,4.0,,,2.0,1.0,64.0,2.0,5.0
84,20,2026-04-11 12:03:53,2026-04-11 12:35:42,1,1.0,3.0,7.0,,,,,,,2.0,1.0,64.0,2.0,5.0
85,7,2026-04-11 12:40:58,2026-04-11 12:42:38,2,1.0,,,,,,,,,,,,,
86,16,2026-04-11 12:51:14,2026-04-11 12:54:23,1,1.0,3.0,7.0,,,,,,,2.0,0.0,,,
87,20,2026-04-11 13:11:06,2026-04-11 13:12:20,1,1.0,3.0,3.0,,,,,,,2.0,1.0,27.0,1.0,4.0
88,20,2026-04-11 13:27:46,2026-04-11 13:29:38,1,1.0,1.0,5.0,,,,,,,2.0,1.0,60.0,1.0,5.0
89,16,2026-04-11 13:35:04,2026-04-11 13:38:01,1,1.0,3.0,7.0,,,,,,,2.0,0.0,,,
90,16,2026-04-11 13:51:15,2026-04-11 13:53:54,1,1.0,2.0,7.0,,,,,,,2.0,0.0,,,
91,4,2026-04-11 14:26:17,2026-04-11 14:26:59,2,0.0,,,,,,,,,,,,,
92,4,2026-04-11 15:59:02,2026-04-11 15:59:29,1,0.0,,,,,,,,,,,,,
93,4,2026-04-11 16:32:15,2026-04-11 16:32:29,2,0.0,,,,,,,,,,,,,
94,20,2026-04-11 16:45:08,2026-04-11 16:47:38,2,1.0,,,3.0,5.0,,,,,2.0,1.0,69.0,2.0,3.0
95,16,2026-04-11 18:44:31,2026-04-11 18:47:40,3,1.0,,,,,2.0,4.0,,,2.0,0.0,,,
96,20,2026-04-11 19:55:56,2026-04-11 20:01:52,2,1.0,,,5.0,7.0,,,,,2.0,1.0,55.0,1.0,8.0
97,20,2026-04-11 20:23:53,2026-04-11 20:26:46,4,1.0,,,,,,,3.0,7.0,2.0,1.0,37.0,2.0,11.0
98,14,2026-04-11 22:37:24,2026-04-11 22:38:04,4,1.0,,,,,,,5.0,3.0,3.0,,,,
99,2,2026-04-12 08:06:32,2026-04-12 08:06:32,2,,,,,,,,,,,,,,
100,20,2026-04-12 11:29:27,2026-04-12 11:31:15,2,1.0,,,3.0,7.0,,,,,2.0,1.0,63.0,2.0,4.0
101,20,2026-04-12 15:03:37,2026-04-12 15:07:53,1,1.0,3.0,7.0,,,,,,,2.0,1.0,48.0,1.0,3.0
102,20,2026-04-12 16:09:36,2026-04-12 16:12:39,3,1.0,,,,,3.0,3.0,,,2.0,1.0,49.0,2.0,8.0
103,16,2026-04-12 17:06:52,2026-04-12 17:37:06,4,1.0,,,,,,,3.0,7.0,2.0,0.0,,,
104,16,2026-04-12 18:36:17,2026-04-12 18:37:00,4,1.0,,,,,,,4.0,4.0,2.0,0.0,,,
105,20,2026-04-12 20:33:06,2026-04-12 20:43:41,1,1.0,1.0,7.0,,,,,,,2.0,1.0,73.0,2.0,8.0
106,16,2026-04-12 21:05:53,2026-04-12 21:07:22,3,1.0,,,,,4.0,5.0,,,2.0,0.0,,,
107,20,2026-04-12 21:58:47,2026-04-12 22:01:15,4,1.0,,,,,,,3.0,3.0,2.0,1.0,32.0,1.0,5.0
108,20,2026-04-12 23:15:27,2026-04-12 23:19:31,3,1.0,,,,,3.0,5.0,,,2.0,1.0,33.0,2.0,5.0
109,16,2026-04-13 08:40:08,2026-04-13 08:41:51,2,1.0,,,4.0,7.0,,,,,2.0,0.0,,,
110,16,2026-04-13 08:48:53,2026-04-13 08:50:37,4,1.0,,,,,,,1.0,6.0,2.0,0.0,,,
111,20,2026-04-13 09:09:26,2026-04-13 09:10:58,1,1.0,3.0,7.0,,,,,,,2.0,1.0,54.0,1.0,7.0
112,16,2026-04-13 09:17:43,2026-04-13 09:32:05,4,1.0,,,,,,,5.0,5.0,2.0,0.0,,,
113,16,2026-04-13 10:02:23,2026-04-13 10:05:41,3,1.0,,,,,5.0,4.0,,,2.0,0.0,,,
114,20,2026-04-13 10:36:27,2026-04-13 10:39:35,3,1.0,,,,,1.0,6.0,,,2.0,1.0,44.0,1.0,8.0
115,14,2026-04-13 10:46:56,2026-04-13 10:48:11,2,1.0,,,5.0,4.0,,,,,5.0,,,,
116,20,2026-04-13 11:18:47,2026-04-13 11:24:31,4,1.0,,,,,,,3.0,4.0,2.0,1.0,36.0,1.0,3.0
117,20,2026-04-13 11:27:20,2026-04-13 11:30:11,4,1.0,,,,,,,1.0,3.0,2.0,1.0,46.0,2.0,8.0
118,20,2026-04-13 11:41:36,2026-04-13 11:43:28,4,1.0,,,,,,,3.0,7.0,2.0,1.0,33.0,2.0,5.0
119,14,2026-04-13 11:46:06,2026-04-13 11:46:30,2,1.0,,,5.0,4.0,,,,,2.0,,,,
120,20,2026-04-13 12:31:11,2026-04-13 12:33:20,2,1.0,,,5.0,4.0,,,,,2.0,1.0,45.0,2.0,5.0
121,4,2026-04-13 12:41:51,2026-04-13 12:42:00,4,0.0,,,,,,,,,,,,,
122,20,2026-04-13 12:47:11,2026-04-13 12:49:23,1,1.0,3.0,7.0,,,,,,,2.0,1.0,58.0,2.0,8.0
123,16,2026-04-13 17:51:28,2026-04-13 17:53:04,4,1.0,,,,,,,3.0,4.0,2.0,0.0,,,
124,4,2026-04-13 17:56:17,2026-04-13 17:56:42,4,0.0,,,,,,,,,,,,,
125,2,2026-04-13 18:46:06,2026-04-13 18:46:06,3,,,,,,,,,,,,,,
126,20,2026-04-13 19:52:08,2026-04-13 19:54:27,3,1.0,,,,,3.0,7.0,,,2.0,1.0,31.0,1.0,7.0
127,16,2026-04-13 20:46:32,2026-04-13 20:48:21,4,1.0,,,,,,,3.0,5.0,2.0,0.0,,,
128,20,2026-04-14 08:36:07,2026-04-14 08:38:16,1,1.0,1.0,7.0,,,,,,,2.0,1.0,33.0,2.0,5.0
129,7,2026-04-14 09:56:28,2026-04-14 09:57:42,2,1.0,,,,,,,,,,,,,
130,14,2026-04-14 10:03:48,2026-04-14 10:08:30,1,1.0,3.0,6.0,,,,,,,2.0,,,,
131,20,2026-04-14 10:05:49,2026-04-14 10:32:50,1,1.0,1.0,7.0,,,,,,,2.0,1.0,50.0,1.0,6.0
132,20,2026-04-14 10:40:15,2026-04-14 10:42:00,1,1.0,3.0,7.0,,,,,,,2.0,1.0,37.0,1.0,3.0
133,16,2026-04-14 10:49:59,2026-04-14 10:51:08,3,1.0,,,,,5.0,7.0,,,2.0,0.0,,,
134,2,2026-04-14 11:30:21,2026-04-14 11:30:21,4,,,,,,,,,,,,,,
135,20,2026-04-14 11:31:07,2026-04-14 11:36:04,4,1.0,,,,,,,1.0,5.0,2.0,1.0,28.0,2.0,3.0
136,16,2026-04-14 12:32:36,2026-04-14 12:33:56,1,1.0,1.0,7.0,,,,,,,2.0,0.0,,,
137,20,2026-04-14 15:32:40,2026-04-14 15:35:51,3,1.0,,,,,3.0,5.0,,,2.0,1.0,64.0,2.0,5.0
138,16,2026-04-14 18:17:30,2026-04-14 18:18:55,1,1.0,2.0,6.0,,,,,,,2.0,0.0,,,
139,4,2026-04-14 21:21:27,2026-04-14 21:21:49,2,0.0,,,,,,,,,,,,,
140,2,2026-04-14 21:47:52,2026-04-14 21:47:52,3,,,,,,,,,,,,,,
141,20,2026-04-15 11:54:44,2026-04-15 11:57:08,1,1.0,3.0,4.0,,,,,,,2.0,1.0,36.0,1.0,3.0
142,20,2026-04-15 12:28:25,2026-04-15 12:30:55,4,1.0,,,,,,,2.0,6.0,2.0,1.0,44.0,2.0,3.0
143,2,2026-04-15 12:48:25,2026-04-15 12:48:25,3,,,,,,,,,,,,,,
144,20,2026-04-15 13:08:51,2026-04-15 13:11:57,3,1.0,,,,,3.0,7.0,,,2.0,1.0,36.0,1.0,3.0
145,9,2026-04-15 13:09:08,2026-04-15 13:09:33,3,1.0,,,,,,,,,,,,,
146,2,2026-04-15 13:09:17,2026-04-15 13:09:17,4,,,,,,,,,,,,,,
147,14,2026-04-15 13:09:28,2026-04-15 13:11:17,2,1.0,,,1.0,7.0,,,,,3.0,,,,
148,16,2026-04-15 13:09:34,2026-04-15 13:12:17,3,1.0,,,,,3.0,7.0,,,2.0,0.0,,,
149,20,2026-04-15 13:10:06,2026-04-15 13:14:42,1,1.0,3.0,7.0,,,,,,,2.0,1.0,60.0,2.0,4.0
150,16,2026-04-15 13:10:11,2026-04-15 13:12:35,2,1.0,,,2.0,7.0,,,,,2.0,0.0,,,
151,16,2026-04-15 13:10:26,2026-04-15 13:11:36,2,1.0,,,2.0,7.0,,,,,2.0,0.0,,,
152,20,2026-04-15 13:10:27,2026-04-15 13:57:31,4,1.0,,,,,,,3.0,5.0,2.0,1.0,38.0,2.0,5.0
153,4,2026-04-15 13:12:07,2026-04-15 13:12:32,2,0.0,,,,,,,,,,,,,
154,16,2026-04-15 13:12:33,2026-04-15 13:16:11,3,1.0,,,,,3.0,5.0,,,2.0,0.0,,,
155,4,2026-04-15 13:13:30,2026-04-15 13:13:54,3,0.0,,,,,,,,,,,,,
156,20,2026-04-15 13:14:32,2026-04-15 13:17:39,2,1.0,,,4.0,7.0,,,,,2.0,1.0,61.0,1.0,5.0
157,4,2026-04-15 13:15:29,2026-04-15 13:15:39,2,0.0,,,,,,,,,,,,,
158,16,2026-04-15 13:16:39,2026-04-15 13:17:44,3,1.0,,,,,3.0,7.0,,,2.0,0.0,,,
159,2,2026-04-15 13:17:27,2026-04-15 13:17:27,3,,,,,,,,,,,,,,
160,16,2026-04-15 13:18:24,2026-04-15 13:19:59,3,1.0,,,,,1.0,1.0,,,2.0,0.0,,,
161,20,2026-04-15 13:20:36,2026-04-15 13:23:20,4,1.0,,,,,,,2.0,3.0,2.0,1.0,18.0,2.0,3.0
162,20,2026-04-15 13:24:06,2026-04-15 13:27:56,1,1.0,3.0,7.0,,,,,,,2.0,1.0,65.0,1.0,4.0
163,20,2026-04-15 13:25:26,2026-04-15 13:28:45,3,1.0,,,,,1.0,5.0,,,2.0,1.0,30.0,1.0,8.0
164,4,2026-04-15 13:27:20,2026-04-15 13:27:48,1,0.0,,,,,,,,,,,,,
165,20,2026-04-15 13:30:19,2026-04-15 13:31:53,3,1.0,,,,,3.0,7.0,,,2.0,1.0,54.0,1.0,5.0
166,20,2026-04-15 13:32:33,2026-04-15 13:36:57,4,1.0,,,,,,,2.0,1.0,2.0,1.0,68.0,1.0,5.0
167,2,2026-04-15 13:34:42,2026-04-15 13:34:42,2,,,,,,,,,,,,,,
168,20,2026-04-15 13:35:52,2026-04-15 13:37:41,4,1.0,,,,,,,2.0,5.0,2.0,1.0,38.0,2.0,11.0
169,16,2026-04-15 13:38:54,2026-04-15 13:43:45,4,1.0,,,,,,,1.0,6.0,2.0,0.0,,,
170,20,2026-04-15 13:41:08,2026-04-15 13:42:45,3,1.0,,,,,3.0,7.0,,,2.0,1.0,35.0,2.0,5.0
171,20,2026-04-15 13:42:38,2026-04-15 13:45:06,2,1.0,,,2.0,7.0,,,,,2.0,1.0,69.0,1.0,5.0
172,4,2026-04-15 13:42:47,2026-04-15 13:43:33,4,0.0,,,,,,,,,,,,,
173,20,2026-04-15 13:45:56,2026-04-15 13:48:10,3,1.0,,,,,4.0,2.0,,,2.0,1.0,67.0,2.0,5.0
174,20,2026-04-15 13:46:00,2026-04-15 13:52:03,1,1.0,2.0,7.0,,,,,,,2.0,1.0,29.0,1.0,5.0
175,20,2026-04-15 13:46:15,2026-04-15 13:48:56,2,1.0,,,3.0,4.0,,,,,2.0,1.0,64.0,2.0,7.0
176,20,2026-04-15 13:47:41,2026-04-15 13:53:50,2,1.0,,,1.0,4.0,,,,,2.0,1.0,77.0,2.0,5.0
177,16,2026-04-15 13:51:39,2026-04-15 13:53:18,2,1.0,,,2.0,4.0,,,,,2.0,0.0,,,
178,14,2026-04-15 14:00:41,2026-04-15 14:05:10,4,1.0,,,,,,,4.0,3.0,4.0,,,,
179,20,2026-04-15 14:00:49,2026-04-15 14:03:47,4,1.0,,,,,,,3.0,4.0,2.0,1.0,51.0,1.0,8.0
180,7,2026-04-15 14:02:22,2026-04-15 14:02:45,2,1.0,,,,,,,,,,,,,
181,20,2026-04-15 14:05:18,2026-04-15 14:11:34,3,1.0,,,,,3.0,6.0,,,2.0,1.0,79.0,1.0,11.0
182,20,2026-04-15 14:06:19,2026-04-15 14:08:31,3,1.0,,,,,3.0,7.0,,,2.0,1.0,67.0,2.0,4.0
183,16,2026-04-15 14:10:23,2026-04-15 14:12:56,1,1.0,3.0,7.0,,,,,,,2.0,0.0,,,
184,20,2026-04-15 14:11:27,2026-04-15 14:17:31,3,1.0,,,,,2.0,4.0,,,2.0,1.0,66.0,1.0,7.0
185,4,2026-04-15 14:11:53,2026-04-15 14:12:29,4,1.0,,,,,,,,,,,,,
186,20,2026-04-15 14:13:32,2026-04-15 14:15:00,4,1.0,,,,,,,1.0,5.0,2.0,1.0,72.0,1.0,6.0
187,20,2026-04-15 14:18:17,2026-04-15 14:20:35,2,1.0,,,4.0,4.0,,,,,2.0,1.0,47.0,2.0,8.0
188,4,2026-04-15 14:19:18,2026-04-15 14:19:46,1,0.0,,,,,,,,,,,,,
189,14,2026-04-15 14:26:25,2026-04-15 14:27:54,3,1.0,,,,,5.0,4.0,,,4.0,,,,
190,20,2026-04-15 14:47:15,2026-04-15 14:48:59,4,1.0,,,,,,,2.0,4.0,2.0,1.0,58.0,1.0,5.0
191,14,2026-04-15 14:49:20,2026-04-15 14:49:36,1,1.0,5.0,7.0,,,,,,,4.0,,,,
192,2,2026-04-15 14:52:07,2026-04-15 14:52:07,2,,,,,,,,,,,,,,
193,2,2026-04-15 14:54:09,2026-04-15 14:54:09,3,,,,,,,,,,,,,,
194,4,2026-04-15 14:56:26,2026-04-15 14:56:37,4,0.0,,,,,,,,,,,,,
195,16,2026-04-15 15:00:18,2026-04-15 15:02:52,2,1.0,,,4.0,4.0,,,,,2.0,0.0,,,
196,20,2026-04-15 15:05:30,2026-04-15 15:06:58,3,1.0,,,,,2.0,7.0,,,2.0,1.0,63.0,2.0,8.0
197,16,2026-04-15 15:05:59,2026-04-15 15:08:41,1,1.0,1.0,1.0,,,,,,,2.0,0.0,,,
198,16,2026-04-15 15:12:40,2026-04-15 15:14:16,3,1.0,,,,,3.0,7.0,,,2.0,0.0,,,
199,16,2026-04-15 15:24:09,2026-04-15 15:25:10,3,1.0,,,,,1.0,4.0,,,2.0,0.0,,,
200,2,2026-04-15 15:26:36,2026-04-15 15:26:36,4,,,,,,,,,,,,,,
201,4,2026-04-15 15:28:49,2026-04-15 15:29:19,1,0.0,,,,,,,,,,,,,
202,20,2026-04-15 15:36:48,2026-04-15 15:42:51,2,1.0,,,2.0,6.0,,,,,2.0,1.0,43.0,1.0,7.0
203,20,2026-04-15 15:37:50,2026-04-15 15:43:45,3,1.0,,,,,3.0,6.0,,,2.0,1.0,73.0,1.0,6.0
204,16,2026-04-15 15:37:52,2026-04-15 15:40:45,1,1.0,3.0,7.0,,,,,,,2.0,0.0,,,
205,16,2026-04-15 15:37:55,2026-04-15 15:39:55,1,1.0,4.0,7.0,,,,,,,2.0,0.0,,,
206,16,2026-04-15 15:38:06,2026-04-15 15:39:37,3,1.0,,,,,3.0,4.0,,,2.0,0.0,,,
207,20,2026-04-15 15:38:22,2026-04-15 15:41:47,2,1.0,,,5.0,7.0,,,,,2.0,1.0,66.0,2.0,6.0
208,20,2026-04-15 15:38:42,2026-04-15 15:41:36,2,1.0,,,2.0,6.0,,,,,2.0,1.0,59.0,2.0,5.0
209,2,2026-04-15 15:39:24,2026-04-15 15:39:24,1,,,,,,,,,,,,,,
210,20,2026-04-15 15:39:33,2026-04-15 15:42:51,4,1.0,,,,,,,3.0,7.0,2.0,1.0,66.0,1.0,4.0
211,16,2026-04-15 15:40:24,2026-04-15 15:41:39,1,1.0,2.0,7.0,,,,,,,2.0,0.0,,,
212,16,2026-04-15 15:40:31,2026-04-15 15:41:54,4,1.0,,,,,,,2.0,7.0,2.0,0.0,,,
213,16,2026-04-15 15:41:50,2026-04-15 15:44:21,4,1.0,,,,,,,3.0,4.0,2.0,0.0,,,
214,20,2026-04-15 15:41:53,2026-04-15 15:46:08,4,1.0,,,,,,,3.0,6.0,2.0,1.0,70.0,2.0,5.0
215,20,2026-04-15 15:44:05,2026-04-15 15:46:32,2,1.0,,,5.0,4.0,,,,,2.0,1.0,63.0,2.0,3.0
216,20,2026-04-15 15:44:10,2026-04-15 15:47:02,3,1.0,,,,,2.0,3.0,,,2.0,1.0,49.0,1.0,8.0
217,20,2026-04-15 15:45:16,2026-04-15 15:47:28,1,1.0,3.0,7.0,,,,,,,2.0,1.0,38.0,2.0,5.0
218,16,2026-04-15 15:46:05,2026-04-15 15:48:27,2,1.0,,,3.0,7.0,,,,,2.0,0.0,,,
219,20,2026-04-15 15:49:21,2026-04-15 15:51:36,2,1.0,,,4.0,4.0,,,,,2.0,1.0,55.0,1.0,8.0
220,4,2026-04-15 15:49:25,2026-04-15 15:49:36,2,0.0,,,,,,,,,,,,,
221,20,2026-04-15 15:51:53,2026-04-15 15:54:19,1,1.0,1.0,7.0,,,,,,,2.0,1.0,44.0,1.0,5.0
222,3,2026-04-15 15:53:21,2026-04-15 15:53:39,3,,,,,,,,,,,,,,
223,20,2026-04-15 15:53:55,2026-04-15 15:56:33,2,1.0,,,5.0,6.0,,,,,2.0,1.0,63.0,2.0,3.0
224,20,2026-04-15 15:53:56,2026-04-15 16:13:54,1,1.0,3.0,7.0,,,,,,,2.0,1.0,52.0,2.0,8.0
225,16,2026-04-15 15:54:55,2026-04-15 15:57:34,4,1.0,,,,,,,1.0,7.0,2.0,0.0,,,
226,20,2026-04-15 15:55:16,2026-04-15 15:57:39,1,1.0,1.0,7.0,,,,,,,2.0,1.0,75.0,1.0,5.0
227,20,2026-04-15 15:56:43,2026-04-15 15:58:47,3,1.0,,,,,3.0,3.0,,,2.0,1.0,41.0,1.0,3.0
228,20,2026-04-15 15:58:44,2026-04-15 16:02:19,2,1.0,,,2.0,5.0,,,,,2.0,1.0,34.0,2.0,7.0
229,20,2026-04-15 15:59:26,2026-04-15 16:01:21,3,1.0,,,,,3.0,5.0,,,2.0,1.0,61.0,2.0,5.0
230,20,2026-04-15 16:00:27,2026-04-15 16:02:25,3,1.0,,,,,3.0,5.0,,,2.0,1.0,55.0,2.0,7.0
231,20,2026-04-15 16:00:29,2026-04-15 16:03:47,4,1.0,,,,,,,3.0,1.0,2.0,1.0,66.0,1.0,3.0
232,20,2026-04-15 16:01:18,2026-04-15 16:04:59,2,1.0,,,2.0,6.0,,,,,2.0,1.0,70.0,1.0,8.0
233,20,2026-04-15 16:02:09,2026-04-15 16:04:46,1,1.0,3.0,7.0,,,,,,,2.0,1.0,42.0,2.0,3.0
234,16,2026-04-15 16:02:59,2026-04-15 16:07:03,4,1.0,,,,,,,2.0,4.0,2.0,0.0,,,
235,16,2026-04-15 16:03:22,2026-04-15 16:05:44,1,1.0,3.0,7.0,,,,,,,2.0,0.0,,,
236,20,2026-04-15 16:04:59,2026-04-15 16:07:19,3,1.0,,,,,1.0,5.0,,,2.0,1.0,38.0,1.0,6.0
237,20,2026-04-15 16:07:03,2026-04-15 16:09:22,3,1.0,,,,,4.0,6.0,,,2.0,1.0,67.0,2.0,3.0
238,20,2026-04-15 16:07:53,2026-04-15 16:10:14,2,1.0,,,2.0,7.0,,,,,2.0,1.0,47.0,1.0,5.0
239,16,2026-04-15 16:08:57,2026-04-15 16:14:52,2,1.0,,,3.0,7.0,,,,,2.0,0.0,,,
240,20,2026-04-15 16:10:21,2026-04-15 18:37:50,3,1.0,,,,,1.0,2.0,,,2.0,1.0,45.0,2.0,11.0
241,20,2026-04-15 16:10:47,2026-04-15 16:12:52,1,1.0,3.0,7.0,,,,,,,2.0,1.0,42.0,1.0,7.0
242,20,2026-04-15 16:11:14,2026-04-15 16:12:47,4,1.0,,,,,,,4.0,2.0,2.0,1.0,28.0,2.0,5.0
243,20,2026-04-15 16:11:48,2026-04-15 16:15:52,4,1.0,,,,,,,5.0,2.0,2.0,1.0,73.0,2.0,3.0
244,4,2026-04-15 16:14:23,2026-04-15 16:15:52,2,0.0,,,,,,,,,,,,,
245,4,2026-04-15 16:15:24,2026-04-15 16:15:36,4,0.0,,,,,,,,,,,,,
246,20,2026-04-15 16:15:53,2026-04-15 16:19:37,4,1.0,,,,,,,1.0,7.0,2.0,1.0,56.0,2.0,3.0
247,16,2026-04-15 16:17:32,2026-04-15 16:20:19,3,1.0,,,,,4.0,7.0,,,2.0,0.0,,,
248,20,2026-04-15 16:17:58,2026-04-15 16:21:12,3,1.0,,,,,3.0,7.0,,,2.0,1.0,57.0,2.0,8.0
249,20,2026-04-15 16:19:07,2026-04-15 16:27:04,1,1.0,1.0,6.0,,,,,,,2.0,1.0,56.0,1.0,7.0
250,20,2026-04-15 16:20:03,2026-04-15 16:21:46,3,1.0,,,,,3.0,5.0,,,2.0,1.0,50.0,1.0,5.0
251,20,2026-04-15 16:20:05,2026-04-15 16:21:42,2,1.0,,,2.0,5.0,,,,,2.0,1.0,26.0,1.0,7.0
252,4,2026-04-15 16:20:06,2026-04-15 16:20:42,3,0.0,,,,,,,,,,,,,
253,20,2026-04-15 16:22:20,2026-04-15 16:25:03,3,1.0,,,,,1.0,4.0,,,2.0,1.0,64.0,2.0,6.0
254,20,2026-04-15 16:22:37,2026-04-15 16:25:29,2,1.0,,,3.0,7.0,,,,,2.0,1.0,72.0,2.0,5.0
255,20,2026-04-15 16:22:38,2026-04-15 16:24:28,4,1.0,,,,,,,1.0,6.0,2.0,1.0,55.0,1.0,5.0
256,7,2026-04-15 16:23:22,2026-04-15 16:24:10,2,1.0,,,,,,,,,,,,,
257,4,2026-04-15 16:23:54,2026-04-15 16:24:35,3,0.0,,,,,,,,,,,,,
258,20,2026-04-15 16:26:18,2026-04-15 16:35:51,3,1.0,,,,,3.0,6.0,,,2.0,1.0,65.0,1.0,5.0
259,16,2026-04-15 16:26:27,2026-04-15 16:29:19,4,1.0,,,,,,,3.0,5.0,2.0,0.0,,,
260,16,2026-04-15 16:34:42,2026-04-15 16:35:27,1,1.0,3.0,6.0,,,,,,,2.0,0.0,,,
261,20,2026-04-15 16:36:04,2026-04-15 16:40:15,1,1.0,3.0,7.0,,,,,,,2.0,1.0,75.0,1.0,5.0
262,14,2026-04-15 16:36:20,2026-04-15 16:39:05,4,1.0,,,,,,,1.0,6.0,2.0,,,,
263,3,2026-04-15 16:37:52,2026-04-15 16:39:05,3,,,,,,,,,,,,,,
264,2,2026-04-15 16:39:06,2026-04-15 16:39:06,2,,,,,,,,,,,,,,
265,4,2026-04-15 16:39:16,2026-04-15 16:39:26,2,0.0,,,,,,,,,,,,,
266,16,2026-04-15 16:39:30,2026-04-15 16:42:01,1,1.0,3.0,7.0,,,,,,,2.0,0.0,,,
267,20,2026-04-15 16:39:40,2026-04-15 16:41:19,2,1.0,,,1.0,7.0,,,,,2.0,1.0,43.0,2.0,7.0
268,20,2026-04-15 16:41:07,2026-04-15 16:43:57,4,1.0,,,,,,,1.0,4.0,2.0,1.0,61.0,2.0,3.0
269,20,2026-04-15 16:41:49,2026-04-15 16:43:12,3,1.0,,,,,4.0,4.0,,,2.0,1.0,45.0,2.0,8.0
270,4,2026-04-15 16:42:12,2026-04-15 16:42:53,4,0.0,,,,,,,,,,,,,
271,20,2026-04-15 16:44:26,2026-04-15 16:47:30,4,1.0,,,,,,,2.0,4.0,2.0,1.0,68.0,2.0,5.0
272,20,2026-04-15 16:44:45,2026-04-15 16:48:14,1,1.0,1.0,7.0,,,,,,,2.0,1.0,65.0,2.0,3.0
273,4,2026-04-15 16:44:53,2026-04-15 16:45:10,4,0.0,,,,,,,,,,,,,
274,20,2026-04-15 16:45:33,2026-04-15 16:51:52,4,1.0,,,,,,,4.0,3.0,2.0,1.0,72.0,2.0,8.0
275,20,2026-04-15 16:45:36,2026-04-15 16:47:53,1,1.0,3.0,6.0,,,,,,,2.0,1.0,48.0,1.0,6.0
276,20,2026-04-15 16:46:56,2026-04-15 16:49:18,2,1.0,,,4.0,7.0,,,,,2.0,1.0,45.0,1.0,8.0
277,4,2026-04-15 16:49:54,2026-04-15 16:50:02,2,0.0,,,,,,,,,,,,,
278,20,2026-04-15 16:49:56,2026-04-15 16:52:09,1,1.0,3.0,7.0,,,,,,,2.0,1.0,74.0,1.0,11.0
279,20,2026-04-15 16:51:43,2026-04-15 16:53:23,1,1.0,3.0,7.0,,,,,,,2.0,1.0,67.0,1.0,8.0
280,4,2026-04-15 16:51:55,2026-04-15 16:52:02,1,0.0,,,,,,,,,,,,,
281,20,2026-04-15 16:51:57,2026-04-15 16:53:28,1,1.0,3.0,7.0,,,,,,,2.0,1.0,41.0,1.0,5.0
282,16,2026-04-15 16:56:57,2026-04-15 16:58:39,2,1.0,,,3.0,7.0,,,,,2.0,0.0,,,
283,4,2026-04-15 17:00:15,2026-04-15 17:05:07,1,0.0,,,,,,,,,,,,,
284,16,2026-04-15 17:00:25,2026-04-15 17:01:48,3,1.0,,,,,4.0,3.0,,,2.0,0.0,,,
285,16,2026-04-15 17:06:06,2026-04-15 17:07:39,1,1.0,5.0,4.0,,,,,,,2.0,0.0,,,
286,16,2026-04-15 17:07:29,2026-04-15 17:11:12,1,1.0,1.0,7.0,,,,,,,2.0,0.0,,,
287,20,2026-04-15 17:08:04,2026-04-15 17:09:53,2,1.0,,,2.0,7.0,,,,,2.0,1.0,59.0,2.0,5.0
288,2,2026-04-15 17:12:45,2026-04-15 17:12:45,4,,,,,,,,,,,,,,
289,20,2026-04-15 17:12:54,2026-04-15 17:17:25,2,1.0,,,3.0,7.0,,,,,2.0,1.0,31.0,1.0,7.0
290,20,2026-04-15 17:13:00,2026-04-15 17:16:37,4,1.0,,,,,,,3.0,6.0,2.0,1.0,65.0,1.0,5.0
291,2,2026-04-15 17:13:05,2026-04-15 17:13:05,4,,,,,,,,,,,,,,
292,16,2026-04-15 17:13:16,2026-04-15 17:15:05,3,1.0,,,,,5.0,4.0,,,2.0,0.0,,,
293,4,2026-04-15 17:13:43,2026-04-15 17:14:03,3,0.0,,,,,,,,,,,,,
294,20,2026-04-15 17:16:54,2026-04-15 17:19:01,4,1.0,,,,,,,1.0,7.0,2.0,1.0,67.0,1.0,5.0
295,20,2026-04-15 17:17:50,2026-04-15 17:21:29,4,1.0,,,,,,,3.0,4.0,2.0,1.0,45.0,1.0,7.0
296,20,2026-04-15 17:20:56,2026-04-15 17:26:06,3,1.0,,,,,1.0,2.0,,,2.0,1.0,66.0,1.0,5.0
297,20,2026-04-15 17:22:46,2026-04-15 17:25:17,1,1.0,3.0,7.0,,,,,,,2.0,1.0,50.0,1.0,8.0
298,20,2026-04-15 17:26:03,2026-04-15 17:28:54,2,1.0,,,3.0,7.0,,,,,2.0,1.0,70.0,1.0,8.0
299,20,2026-04-15 17:28:02,2026-04-15 17:30:17,4,1.0,,,,,,,1.0,7.0,2.0,1.0,63.0,2.0,5.0
300,14,2026-04-15 17:28:48,2026-04-15 17:31:17,3,1.0,,,,,3.0,2.0,,,3.0,,,,
301,20,2026-04-15 17:30:55,2026-04-15 17:34:11,2,1.0,,,2.0,4.0,,,,,2.0,1.0,29.0,1.0,4.0
302,14,2026-04-15 17:32:23,2026-04-15 17:32:57,2,1.0,,,5.0,4.0,,,,,1.0,,,,
303,20,2026-04-15 17:35:44,2026-04-15 17:37:03,4,1.0,,,,,,,3.0,7.0,2.0,1.0,75.0,1.0,5.0
304,7,2026-04-15 17:37:46,2026-04-15 17:37:57,2,1.0,,,,,,,,,,,,,
305,4,2026-04-15 17:39:47,2026-04-15 17:40:08,2,0.0,,,,,,,,,,,,,
306,20,2026-04-15 17:45:07,2026-04-15 17:49:33,3,1.0,,,,,2.0,5.0,,,2.0,1.0,84.0,1.0,8.0
307,4,2026-04-15 17:49:24,2026-04-15 17:50:02,4,0.0,,,,,,,,,,,,,
308,20,2026-04-15 17:55:37,2026-04-15 17:57:48,3,1.0,,,,,1.0,3.0,,,2.0,1.0,59.0,2.0,4.0
309,20,2026-04-15 17:56:29,2026-04-15 18:06:10,1,1.0,3.0,7.0,,,,,,,2.0,1.0,73.0,2.0,3.0
310,2,2026-04-15 17:57:01,2026-04-15 17:57:01,4,,,,,,,,,,,,,,
311,20,2026-04-15 17:57:18,2026-04-15 18:01:04,2,1.0,,,2.0,7.0,,,,,2.0,1.0,58.0,1.0,6.0
312,4,2026-04-15 17:58:06,2026-04-15 17:58:26,3,0.0,,,,,,,,,,,,,
313,4,2026-04-15 18:03:17,2026-04-15 18:04:08,1,0.0,,,,,,,,,,,,,
314,16,2026-04-15 18:03:44,2026-04-15 18:05:12,2,1.0,,,5.0,5.0,,,,,2.0,0.0,,,
315,16,2026-04-15 18:03:57,2026-04-15 18:05:36,1,1.0,1.0,7.0,,,,,,,2.0,0.0,,,
316,20,2026-04-15 18:09:27,2026-04-15 18:11:07,3,1.0,,,,,3.0,3.0,,,2.0,1.0,37.0,2.0,7.0
317,20,2026-04-15 18:10:07,2026-04-15 18:11:30,1,1.0,3.0,7.0,,,,,,,2.0,1.0,49.0,1.0,3.0
318,20,2026-04-15 18:13:02,2026-04-15 18:20:04,2,1.0,,,4.0,6.0,,,,,2.0,1.0,76.0,1.0,3.0
319,16,2026-04-15 18:15:03,2026-04-15 18:19:56,1,1.0,3.0,7.0,,,,,,,2.0,0.0,,,
320,20,2026-04-15 18:15:12,2026-04-15 18:18:50,2,1.0,,,4.0,4.0,,,,,2.0,1.0,53.0,1.0,2.0
321,20,2026-04-15 18:15:30,2026-04-15 18:19:27,4,1.0,,,,,,,2.0,6.0,2.0,1.0,59.0,2.0,4.0
322,20,2026-04-15 18:20:07,2026-04-15 18:23:19,1,1.0,1.0,7.0,,,,,,,2.0,1.0,71.0,1.0,7.0
323,20,2026-04-15 18:21:40,2026-04-15 18:24:39,1,1.0,3.0,7.0,,,,,,,2.0,1.0,71.0,2.0,5.0
324,11,2026-04-15 18:22:37,2026-04-15 18:22:59,4,1.0,,,,,,,,,,,,,
325,2,2026-04-15 18:23:06,2026-04-15 18:23:06,1,,,,,,,,,,,,,,
326,20,2026-04-15 18:29:09,2026-04-15 18:31:19,4,1.0,,,,,,,5.0,5.0,2.0,1.0,55.0,2.0,8.0
327,16,2026-04-15 18:29:13,2026-04-15 18:34:26,3,1.0,,,,,3.0,5.0,,,2.0,0.0,,,
328,20,2026-04-15 18:31:49,2026-04-15 18:33:57,1,1.0,3.0,7.0,,,,,,,2.0,1.0,59.0,1.0,8.0
329,9,2026-04-15 18:35:38,2026-04-15 18:35:58,3,1.0,,,,,,,,,,,,,
330,20,2026-04-15 18:37:19,2026-04-15 18:39:25,2,1.0,,,2.0,4.0,,,,,2.0,1.0,59.0,1.0,5.0
331,2,2026-04-15 18:41:49,2026-04-15 18:41:49,1,,,,,,,,,,,,,,
332,16,2026-04-15 18:46:56,2026-04-15 18:51:07,4,1.0,,,,,,,1.0,1.0,2.0,0.0,,,
333,20,2026-04-15 18:47:53,2026-04-15 18:50:59,2,1.0,,,4.0,7.0,,,,,2.0,1.0,62.0,2.0,3.0
334,20,2026-04-15 18:52:15,2026-04-15 19:06:52,3,1.0,,,,,3.0,7.0,,,2.0,1.0,69.0,1.0,2.0
335,2,2026-04-15 18:52:31,2026-04-15 18:52:31,1,,,,,,,,,,,,,,
336,20,2026-04-15 18:55:43,2026-04-15 18:59:45,2,1.0,,,1.0,7.0,,,,,2.0,1.0,74.0,,5.0
337,16,2026-04-15 19:04:59,2026-04-15 19:07:30,2,1.0,,,3.0,7.0,,,,,2.0,0.0,,,
338,20,2026-04-15 19:07:22,2026-04-15 19:08:44,3,1.0,,,,,1.0,3.0,,,2.0,1.0,38.0,2.0,8.0
339,20,2026-04-15 19:08:15,2026-04-15 19:11:18,4,1.0,,,,,,,1.0,4.0,2.0,1.0,65.0,1.0,5.0
340,20,2026-04-15 19:09:35,2026-04-15 19:11:26,1,1.0,3.0,7.0,,,,,,,2.0,1.0,32.0,2.0,4.0
341,6,2026-04-15 19:11:28,2026-04-15 19:12:30,1,1.0,3.0,,,,,,,,,,,,
342,20,2026-04-15 19:11:35,2026-04-15 19:14:13,1,1.0,1.0,7.0,,,,,,,2.0,1.0,72.0,2.0,8.0
343,16,2026-04-15 19:16:00,2026-04-15 19:18:52,2,1.0,,,3.0,6.0,,,,,2.0,0.0,,,
344,20,2026-04-15 19:16:24,2026-04-15 19:17:55,3,1.0,,,,,1.0,3.0,,,2.0,1.0,48.0,1.0,8.0
345,16,2026-04-15 19:18:24,2026-04-15 19:26:39,3,1.0,,,,,3.0,3.0,,,2.0,0.0,,,
346,20,2026-04-15 19:21:28,2026-04-15 19:25:10,3,1.0,,,,,3.0,4.0,,,2.0,1.0,74.0,1.0,8.0
347,20,2026-04-15 19:23:23,2026-04-15 19:27:17,2,1.0,,,4.0,6.0,,,,,2.0,1.0,46.0,1.0,3.0
348,14,2026-04-15 19:23:57,2026-04-15 19:24:32,1,1.0,5.0,2.0,,,,,,,5.0,,,,
349,16,2026-04-15 19:25:12,2026-04-15 19:27:05,2,1.0,,,3.0,1.0,,,,,2.0,0.0,,,
350,20,2026-04-15 19:28:24,2026-04-15 19:32:22,2,1.0,,,4.0,7.0,,,,,2.0,1.0,61.0,1.0,7.0
351,16,2026-04-15 19:37:13,2026-04-15 19:39:00,3,1.0,,,,,3.0,3.0,,,2.0,0.0,,,
352,20,2026-04-15 19:41:37,2026-04-15 19:44:24,2,1.0,,,3.0,7.0,,,,,2.0,1.0,67.0,1.0,4.0
353,4,2026-04-15 19:46:04,2026-04-15 19:47:34,2,0.0,,,,,,,,,,,,,
354,20,2026-04-15 19:46:37,2026-04-15 19:51:03,3,1.0,,,,,4.0,4.0,,,2.0,1.0,39.0,1.0,3.0
355,20,2026-04-15 19:59:30,2026-04-15 20:02:41,4,1.0,,,,,,,3.0,7.0,2.0,1.0,37.0,1.0,8.0
356,20,2026-04-15 20:05:03,2026-04-15 20:06:46,3,1.0,,,,,3.0,7.0,,,2.0,1.0,26.0,2.0,7.0
357,2,2026-04-15 20:05:53,2026-04-15 20:05:54,3,,,,,,,,,,,,,,
358,20,2026-04-15 20:07:23,2026-04-15 20:11:13,4,1.0,,,,,,,2.0,6.0,2.0,1.0,64.0,1.0,5.0
359,16,2026-04-15 20:09:52,2026-04-15 20:11:53,1,1.0,1.0,7.0,,,,,,,2.0,0.0,,,
360,20,2026-04-15 20:12:23,2026-04-15 20:16:03,4,1.0,,,,,,,5.0,3.0,2.0,1.0,59.0,1.0,5.0
361,16,2026-04-15 20:17:29,2026-04-15 20:18:14,2,1.0,,,5.0,4.0,,,,,2.0,0.0,,,
362,14,2026-04-15 20:26:14,2026-04-15 20:32:40,3,1.0,,,,,1.0,5.0,,,2.0,,,,
363,20,2026-04-15 20:34:54,2026-04-15 20:37:02,4,1.0,,,,,,,4.0,4.0,2.0,1.0,28.0,2.0,3.0
364,20,2026-04-15 20:36:39,2026-04-15 20:38:52,2,1.0,,,3.0,7.0,,,,,2.0,1.0,64.0,2.0,4.0
365,20,2026-04-15 20:39:41,2026-04-15 20:42:06,3,1.0,,,,,3.0,5.0,,,2.0,1.0,18.0,2.0,3.0
366,20,2026-04-15 20:44:25,2026-04-15 20:48:59,2,1.0,,,3.0,7.0,,,,,2.0,1.0,66.0,1.0,5.0
367,7,2026-04-15 20:45:39,2026-04-15 20:46:31,2,1.0,,,,,,,,,,,,,
368,20,2026-04-15 20:48:25,2026-04-15 20:52:16,4,1.0,,,,,,,3.0,4.0,2.0,1.0,62.0,2.0,4.0
369,4,2026-04-15 20:56:42,2026-04-15 20:56:58,2,0.0,,,,,,,,,,,,,
370,3,2026-04-15 20:59:17,2026-04-15 20:59:21,2,,,,,,,,,,,,,,
371,16,2026-04-15 20:59:32,2026-04-15 21:01:51,2,1.0,,,4.0,7.0,,,,,2.0,0.0,,,
372,16,2026-04-15 20:59:34,2026-04-15 21:01:20,1,1.0,3.0,6.0,,,,,,,2.0,0.0,,,
373,16,2026-04-15 21:00:12,2026-04-15 21:01:13,4,1.0,,,,,,,1.0,4.0,2.0,0.0,,,
374,9,2026-04-15 21:04:51,2026-04-15 21:05:08,3,1.0,,,,,,,,,,,,,
375,20,2026-04-15 21:07:29,2026-04-15 21:09:22,3,1.0,,,,,5.0,6.0,,,2.0,1.0,40.0,2.0,3.0
376,16,2026-04-15 21:07:37,2026-04-15 21:09:35,2,1.0,,,3.0,7.0,,,,,2.0,0.0,,,
377,20,2026-04-15 21:12:07,2026-04-15 21:14:27,3,1.0,,,,,3.0,5.0,,,2.0,1.0,59.0,2.0,3.0
378,20,2026-04-15 21:12:53,2026-04-15 21:14:52,4,1.0,,,,,,,1.0,5.0,2.0,1.0,51.0,2.0,2.0
379,4,2026-04-15 21:13:07,2026-04-15 21:14:15,4,0.0,,,,,,,,,,,,,
380,2,2026-04-15 21:20:58,2026-04-15 21:20:58,4,,,,,,,,,,,,,,
381,7,2026-04-15 21:22:31,2026-04-15 21:23:28,2,1.0,,,,,,,,,,,,,
382,20,2026-04-15 21:31:11,2026-04-15 22:25:46,1,1.0,3.0,7.0,,,,,,,2.0,1.0,63.0,1.0,5.0
383,4,2026-04-15 21:40:42,2026-04-15 21:41:50,1,0.0,,,,,,,,,,,,,
384,20,2026-04-15 21:41:23,2026-04-15 21:43:47,2,1.0,,,3.0,4.0,,,,,2.0,1.0,44.0,2.0,5.0
385,20,2026-04-15 21:42:10,2026-04-15 21:44:42,1,1.0,2.0,7.0,,,,,,,2.0,1.0,36.0,2.0,3.0
386,20,2026-04-15 21:53:33,2026-04-15 21:56:46,2,1.0,,,4.0,2.0,,,,,2.0,1.0,61.0,1.0,6.0
387,16,2026-04-15 22:05:00,2026-04-15 22:06:45,2,1.0,,,4.0,7.0,,,,,2.0,0.0,,,
388,20,2026-04-15 22:15:22,2026-04-15 22:20:48,4,1.0,,,,,,,1.0,3.0,2.0,1.0,45.0,2.0,5.0
389,11,2026-04-15 22:30:42,2026-04-15 22:31:18,4,1.0,,,,,,,,,,,,,
390,4,2026-04-15 22:31:54,2026-04-15 22:32:06,4,0.0,,,,,,,,,,,,,
391,20,2026-04-15 22:32:05,2026-04-15 22:34:02,4,1.0,,,,,,,3.0,7.0,2.0,1.0,64.0,2.0,7.0
392,20,2026-04-15 22:33:59,2026-04-15 22:36:58,4,1.0,,,,,,,3.0,5.0,2.0,1.0,22.0,2.0,4.0
393,14,2026-04-15 22:36:13,2026-04-15 22:37:27,1,1.0,2.0,4.0,,,,,,,1.0,,,,
394,20,2026-04-15 22:42:54,2026-04-15 22:44:26,1,1.0,1.0,7.0,,,,,,,2.0,1.0,28.0,2.0,8.0
395,20,2026-04-15 22:44:40,2026-04-15 22:46:40,4,1.0,,,,,,,2.0,1.0,2.0,1.0,36.0,2.0,3.0
396,4,2026-04-15 22:58:09,2026-04-15 22:58:38,3,0.0,,,,,,,,,,,,,
397,20,2026-04-15 22:58:23,2026-04-15 23:01:41,1,1.0,3.0,7.0,,,,,,,2.0,1.0,43.0,2.0,8.0
398,20,2026-04-15 23:03:09,2026-04-15 23:06:38,2,1.0,,,4.0,4.0,,,,,2.0,1.0,34.0,2.0,7.0
399,20,2026-04-15 23:05:41,2026-04-15 23:09:39,4,1.0,,,,,,,4.0,6.0,2.0,1.0,66.0,1.0,3.0
400,20,2026-04-15 23:08:24,2026-04-15 23:12:24,2,1.0,,,1.0,7.0,,,,,2.0,1.0,,2.0,5.0
401,20,2026-04-15 23:13:46,2026-04-15 23:15:55,3,1.0,,,,,3.0,7.0,,,2.0,1.0,47.0,1.0,7.0
402,16,2026-04-15 23:17:06,2026-04-15 23:18:32,1,1.0,3.0,7.0,,,,,,,2.0,0.0,,,
403,20,2026-04-16 00:25:12,2026-04-16 00:26:59,1,1.0,3.0,7.0,,,,,,,2.0,1.0,52.0,1.0,5.0
404,20,2026-04-16 04:42:06,2026-04-16 04:47:33,2,1.0,,,2.0,6.0,,,,,2.0,1.0,55.0,2.0,6.0
405,20,2026-04-16 05:19:24,2026-04-16 05:21:58,2,1.0,,,2.0,7.0,,,,,2.0,1.0,40.0,1.0,7.0
406,16,2026-04-16 06:18:23,2026-04-16 06:20:18,4,1.0,,,,,,,4.0,1.0,2.0,0.0,,,
407,20,2026-04-16 06:26:52,2026-04-16 06:28:35,2,1.0,,,4.0,7.0,,,,,2.0,1.0,62.0,2.0,5.0
408,20,2026-04-16 06:36:50,2026-04-16 06:39:57,2,1.0,,,2.0,5.0,,,,,2.0,1.0,43.0,2.0,3.0
409,20,2026-04-16 06:39:20,2026-04-16 06:41:46,3,1.0,,,,,4.0,4.0,,,2.0,1.0,65.0,1.0,7.0
410,20,2026-04-16 06:42:35,2026-04-16 06:45:12,3,1.0,,,,,4.0,1.0,,,2.0,1.0,72.0,1.0,6.0
411,20,2026-04-16 06:42:45,2026-04-16 06:46:17,4,1.0,,,,,,,4.0,4.0,2.0,1.0,68.0,2.0,5.0
412,20,2026-04-16 06:48:37,2026-04-16 06:51:12,1,1.0,3.0,7.0,,,,,,,2.0,1.0,57.0,1.0,5.0
413,20,2026-04-16 06:51:54,2026-04-16 06:55:05,2,1.0,,,3.0,6.0,,,,,2.0,1.0,49.0,2.0,5.0
414,20,2026-04-16 06:59:45,2026-04-16 07:03:59,3,1.0,,,,,1.0,7.0,,,2.0,1.0,68.0,2.0,5.0
415,20,2026-04-16 07:01:53,2026-04-16 07:07:04,3,1.0,,,,,1.0,5.0,,,2.0,1.0,75.0,1.0,5.0
416,4,2026-04-16 07:11:54,2026-04-16 07:12:04,1,0.0,,,,,,,,,,,,,
417,20,2026-04-16 07:20:04,2026-04-16 07:22:02,4,1.0,,,,,,,5.0,3.0,2.0,1.0,38.0,2.0,2.0
418,20,2026-04-16 07:23:26,2026-04-16 07:25:52,3,1.0,,,,,2.0,6.0,,,2.0,1.0,49.0,1.0,5.0
419,20,2026-04-16 07:25:00,2026-04-16 07:28:01,4,1.0,,,,,,,4.0,2.0,2.0,1.0,51.0,2.0,5.0
420,20,2026-04-16 07:32:27,2026-04-16 07:35:46,4,1.0,,,,,,,3.0,7.0,2.0,1.0,64.0,2.0,5.0
421,3,2026-04-16 07:49:19,2026-04-16 08:04:10,4,,,,,,,,,,,,,,
422,20,2026-04-16 08:08:52,2026-04-16 08:11:39,2,1.0,,,4.0,2.0,,,,,2.0,1.0,73.0,1.0,5.0
423,20,2026-04-16 08:08:56,2026-04-16 08:11:23,2,1.0,,,3.0,4.0,,,,,2.0,1.0,58.0,2.0,5.0
424,20,2026-04-16 08:09:23,2026-04-16 08:10:58,3,1.0,,,,,3.0,6.0,,,2.0,1.0,71.0,1.0,6.0
425,11,2026-04-16 08:09:26,2026-04-16 08:10:03,4,1.0,,,,,,,,,,,,,
426,20,2026-04-16 08:09:29,2026-04-16 08:12:58,2,1.0,,,4.0,5.0,,,,,2.0,1.0,59.0,1.0,5.0
427,20,2026-04-16 08:10:02,2026-04-16 08:11:37,2,1.0,,,5.0,6.0,,,,,2.0,1.0,57.0,1.0,5.0
428,20,2026-04-16 08:10:34,2026-04-16 08:12:28,1,1.0,3.0,7.0,,,,,,,2.0,1.0,63.0,2.0,8.0
429,16,2026-04-16 08:10:37,2026-04-16 08:12:47,4,1.0,,,,,,,2.0,5.0,2.0,0.0,,,
430,20,2026-04-16 08:11:02,2026-04-16 08:14:15,1,1.0,1.0,7.0,,,,,,,2.0,1.0,68.0,2.0,8.0
431,16,2026-04-16 08:12:01,2026-04-16 08:15:16,4,1.0,,,,,,,2.0,4.0,2.0,0.0,,,
432,20,2026-04-16 08:12:40,2026-04-16 08:14:56,3,1.0,,,,,1.0,4.0,,,2.0,1.0,49.0,2.0,5.0
433,20,2026-04-16 08:15:49,2026-04-16 08:20:35,2,1.0,,,2.0,4.0,,,,,2.0,1.0,59.0,1.0,8.0
434,16,2026-04-16 08:18:57,2026-04-16 08:28:29,4,1.0,,,,,,,3.0,2.0,2.0,0.0,,,
435,20,2026-04-16 08:19:14,2026-04-16 08:22:18,2,1.0,,,2.0,7.0,,,,,2.0,1.0,60.0,1.0,3.0
436,20,2026-04-16 08:20:37,2026-04-16 08:22:38,1,1.0,3.0,7.0,,,,,,,2.0,1.0,44.0,2.0,5.0
437,20,2026-04-16 08:21:00,2026-04-16 08:23:16,3,1.0,,,,,1.0,4.0,,,2.0,1.0,43.0,1.0,4.0
438,20,2026-04-16 08:22:51,2026-04-16 08:26:24,3,1.0,,,,,2.0,4.0,,,2.0,1.0,76.0,2.0,4.0
439,16,2026-04-16 08:23:57,2026-04-16 08:25:35,1,1.0,3.0,7.0,,,,,,,2.0,0.0,,,
440,16,2026-04-16 08:25:10,2026-04-16 08:28:56,2,1.0,,,4.0,7.0,,,,,2.0,0.0,,,
441,2,2026-04-16 08:26:14,2026-04-16 08:26:14,1,,,,,,,,,,,,,,
442,3,2026-04-16 08:27:15,2026-04-16 08:27:45,1,,,,,,,,,,,,,,
443,16,2026-04-16 08:29:38,2026-04-16 08:30:49,2,1.0,,,5.0,4.0,,,,,2.0,0.0,,,
444,20,2026-04-16 08:31:19,2026-04-16 08:36:50,4,1.0,,,,,,,5.0,5.0,2.0,1.0,75.0,1.0,8.0
445,4,2026-04-16 08:32:10,2026-04-16 08:32:34,3,0.0,,,,,,,,,,,,,
446,20,2026-04-16 08:32:35,2026-04-16 08:35:36,3,1.0,,,,,5.0,2.0,,,2.0,1.0,62.0,2.0,7.0
447,20,2026-04-16 08:38:55,2026-04-16 08:41:37,1,1.0,1.0,7.0,,,,,,,2.0,1.0,54.0,1.0,3.0
448,7,2026-04-16 08:41:17,2026-04-16 08:41:39,2,1.0,,,,,,,,,,,,,
449,9,2026-04-16 08:43:53,2026-04-16 08:44:57,3,1.0,,,,,,,,,,,,,
450,4,2026-04-16 08:45:18,2026-04-16 08:45:38,2,0.0,,,,,,,,,,,,,
451,20,2026-04-16 08:47:34,2026-04-16 08:48:48,2,1.0,,,5.0,6.0,,,,,2.0,1.0,19.0,2.0,4.0
452,16,2026-04-16 08:48:10,2026-04-16 08:50:58,2,1.0,,,2.0,7.0,,,,,2.0,0.0,,,
453,4,2026-04-16 08:51:06,2026-04-16 08:51:27,1,0.0,,,,,,,,,,,,,
454,14,2026-04-16 08:53:41,2026-04-16 09:11:26,3,1.0,,,,,3.0,7.0,,,5.0,,,,
455,16,2026-04-16 08:56:06,2026-04-16 08:57:36,4,1.0,,,,,,,5.0,4.0,2.0,0.0,,,
456,20,2026-04-16 08:59:37,2026-04-16 09:03:14,2,1.0,,,3.0,7.0,,,,,2.0,1.0,32.0,1.0,5.0
457,13,2026-04-16 09:04:24,2026-04-16 09:05:36,2,1.0,,,5.0,4.0,,,,,,,,,
458,20,2026-04-16 09:05:43,2026-04-16 09:08:46,3,1.0,,,,,3.0,2.0,,,2.0,1.0,68.0,2.0,5.0
459,20,2026-04-16 09:06:50,2026-04-16 09:08:55,2,1.0,,,2.0,6.0,,,,,2.0,1.0,51.0,1.0,7.0
460,20,2026-04-16 09:08:07,2026-04-16 09:11:11,1,1.0,3.0,7.0,,,,,,,2.0,1.0,78.0,1.0,6.0
461,20,2026-04-16 09:09:41,2026-04-16 09:11:32,3,1.0,,,,,3.0,4.0,,,2.0,1.0,38.0,2.0,8.0
462,9,2026-04-16 09:10:40,2026-04-16 09:10:55,3,1.0,,,,,,,,,,,,,
463,16,2026-04-16 09:12:01,2026-04-16 09:56:53,3,1.0,,,,,5.0,3.0,,,2.0,0.0,,,
464,4,2026-04-16 09:13:18,2026-04-16 09:13:41,4,0.0,,,,,,,,,,,,,
465,16,2026-04-16 09:13:52,2026-04-16 09:18:05,2,1.0,,,3.0,7.0,,,,,2.0,0.0,,,
466,20,2026-04-16 09:14:34,2026-04-16 09:17:50,2,1.0,,,2.0,7.0,,,,,2.0,1.0,49.0,1.0,8.0
467,2,2026-04-16 09:16:02,2026-04-16 09:16:02,2,,,,,,,,,,,,,,
468,16,2026-04-16 09:18:29,2026-04-16 11:17:36,1,1.0,5.0,4.0,,,,,,,2.0,0.0,,,
469,20,2026-04-16 09:19:00,2026-04-16 09:21:40,4,1.0,,,,,,,3.0,6.0,2.0,1.0,37.0,2.0,7.0
470,20,2026-04-16 09:19:17,2026-04-16 09:21:41,4,1.0,,,,,,,3.0,6.0,2.0,1.0,42.0,2.0,8.0
471,20,2026-04-16 09:19:34,2026-04-16 09:23:44,1,1.0,1.0,7.0,,,,,,,2.0,1.0,26.0,2.0,4.0
472,14,2026-04-16 09:19:39,2026-04-16 09:22:05,2,1.0,,,4.0,4.0,,,,,2.0,,,,
473,14,2026-04-16 09:19:49,2026-04-16 09:20:11,2,1.0,,,5.0,4.0,,,,,1.0,,,,
474,4,2026-04-16 09:24:55,2026-04-16 09:27:54,1,0.0,,,,,,,,,,,,,
475,20,2026-04-16 09:25:24,2026-04-16 09:27:45,4,1.0,,,,,,,3.0,6.0,2.0,1.0,66.0,2.0,2.0
476,20,2026-04-16 09:26:08,2026-04-16 09:28:29,1,1.0,1.0,7.0,,,,,,,2.0,1.0,77.0,1.0,5.0
477,20,2026-04-16 09:26:35,2026-04-16 09:29:15,4,1.0,,,,,,,3.0,7.0,2.0,1.0,75.0,2.0,3.0
478,16,2026-04-16 09:31:47,2026-04-16 09:34:14,2,1.0,,,4.0,5.0,,,,,2.0,0.0,,,
479,20,2026-04-16 09:33:07,2026-04-16 09:34:53,1,1.0,1.0,7.0,,,,,,,2.0,1.0,50.0,1.0,5.0
480,20,2026-04-16 09:33:17,2026-04-16 09:35:43,2,1.0,,,4.0,6.0,,,,,2.0,1.0,32.0,2.0,3.0
481,16,2026-04-16 09:34:34,2026-04-16 09:36:39,3,1.0,,,,,3.0,2.0,,,2.0,0.0,,,
482,20,2026-04-16 09:36:26,2026-04-16 09:40:12,4,1.0,,,,,,,2.0,7.0,2.0,1.0,73.0,1.0,8.0
483,20,2026-04-16 09:36:29,2026-04-16 09:39:31,4,1.0,,,,,,,2.0,7.0,2.0,1.0,72.0,1.0,7.0
484,20,2026-04-16 09:36:34,2026-04-16 09:40:32,4,1.0,,,,,,,3.0,5.0,2.0,1.0,69.0,1.0,8.0
485,20,2026-04-16 09:37:25,2026-04-16 09:41:13,4,1.0,,,,,,,1.0,2.0,2.0,1.0,75.0,1.0,8.0
486,20,2026-04-16 09:37:26,2026-04-16 09:40:18,4,1.0,,,,,,,1.0,6.0,2.0,1.0,44.0,2.0,2.0
487,2,2026-04-16 09:39:35,2026-04-16 09:39:35,2,,,,,,,,,,,,,,
488,2,2026-04-16 09:40:33,2026-04-16 09:40:33,2,,,,,,,,,,,,,,
489,20,2026-04-16 09:41:41,2026-04-16 09:43:51,3,1.0,,,,,3.0,4.0,,,2.0,1.0,45.0,2.0,5.0
490,2,2026-04-16 09:41:49,2026-04-16 09:41:49,3,,,,,,,,,,,,,,
491,4,2026-04-16 09:45:57,2026-04-16 09:46:03,3,0.0,,,,,,,,,,,,,
492,16,2026-04-16 09:47:30,2026-04-16 09:52:09,1,1.0,3.0,7.0,,,,,,,2.0,0.0,,,
493,20,2026-04-16 09:51:17,2026-04-16 09:54:33,1,1.0,1.0,7.0,,,,,,,2.0,1.0,48.0,2.0,5.0
494,20,2026-04-16 09:51:44,2026-04-16 09:53:33,4,1.0,,,,,,,4.0,7.0,2.0,1.0,69.0,1.0,3.0
495,20,2026-04-16 09:52:05,2026-04-16 09:53:53,2,1.0,,,3.0,7.0,,,,,2.0,1.0,60.0,2.0,5.0
496,16,2026-04-16 09:58:10,2026-04-16 10:01:46,4,1.0,,,,,,,3.0,7.0,2.0,1.0,,,
497,16,2026-04-16 09:58:13,2026-04-16 10:00:09,3,1.0,,,,,2.0,7.0,,,2.0,0.0,,,
498,16,2026-04-16 10:01:07,2026-04-16 10:03:04,3,1.0,,,,,1.0,2.0,,,2.0,0.0,,,
499,20,2026-04-16 10:02:58,2026-04-16 10:04:36,3,1.0,,,,,3.0,5.0,,,2.0,1.0,62.0,1.0,5.0
500,20,2026-04-16 10:08:14,2026-04-16 10:10:09,3,1.0,,,,,3.0,6.0,,,2.0,1.0,45.0,2.0,5.0
501,16,2026-04-16 10:11:51,2026-04-16 10:15:48,3,1.0,,,,,4.0,2.0,,,2.0,0.0,,,
502,16,2026-04-16 10:11:51,2026-04-16 10:14:11,4,1.0,,,,,,,2.0,5.0,2.0,0.0,,,
503,20,2026-04-16 10:12:01,2026-04-16 10:19:40,4,1.0,,,,,,,3.0,4.0,2.0,1.0,58.0,1.0,4.0
504,20,2026-04-16 10:14:45,2026-04-16 10:17:01,3,1.0,,,,,3.0,7.0,,,2.0,1.0,58.0,2.0,3.0
505,7,2026-04-16 10:15:22,2026-04-16 10:15:47,2,1.0,,,,,,,,,,,,,
506,20,2026-04-16 10:16:18,2026-04-16 10:17:33,4,1.0,,,,,,,4.0,6.0,2.0,1.0,62.0,2.0,5.0
507,20,2026-04-16 10:17:25,2026-04-16 10:20:42,1,1.0,3.0,7.0,,,,,,,2.0,1.0,39.0,2.0,4.0
508,20,2026-04-16 10:24:02,2026-04-16 10:28:07,4,1.0,,,,,,,2.0,6.0,2.0,1.0,77.0,2.0,2.0
509,16,2026-04-16 10:30:36,2026-04-16 10:35:43,4,1.0,,,,,,,3.0,5.0,2.0,0.0,,,
510,20,2026-04-16 10:31:28,2026-04-16 10:36:12,2,1.0,,,4.0,7.0,,,,,2.0,1.0,79.0,2.0,3.0
511,14,2026-04-16 10:34:29,2026-04-16 10:35:15,3,1.0,,,,,2.0,2.0,,,1.0,,,,
512,14,2026-04-16 10:42:41,2026-04-16 10:43:50,4,1.0,,,,,,,1.0,4.0,2.0,,,,
513,20,2026-04-16 10:43:33,2026-04-16 10:46:22,3,1.0,,,,,5.0,5.0,,,2.0,1.0,67.0,2.0,5.0
514,16,2026-04-16 10:44:46,2026-04-16 10:47:16,1,1.0,2.0,7.0,,,,,,,2.0,0.0,,,
515,16,2026-04-16 10:45:42,2026-04-16 10:48:29,2,1.0,,,4.0,7.0,,,,,2.0,0.0,,,
516,16,2026-04-16 10:51:39,2026-04-16 10:53:13,4,1.0,,,,,,,4.0,2.0,2.0,0.0,,,
517,20,2026-04-16 10:53:29,2026-04-16 10:57:16,4,1.0,,,,,,,3.0,6.0,2.0,1.0,48.0,2.0,8.0
518,16,2026-04-16 10:54:24,2026-04-16 10:57:06,4,1.0,,,,,,,3.0,6.0,2.0,0.0,,,
519,16,2026-04-16 10:54:58,2026-04-16 10:57:00,1,1.0,3.0,7.0,,,,,,,2.0,0.0,,,
520,4,2026-04-16 10:55:47,2026-04-16 10:56:07,1,0.0,,,,,,,,,,,,,
521,16,2026-04-16 10:56:09,2026-04-16 11:03:15,4,1.0,,,,,,,4.0,4.0,2.0,0.0,,,
522,20,2026-04-16 11:02:41,2026-04-16 11:06:03,1,1.0,1.0,7.0,,,,,,,2.0,1.0,27.0,2.0,7.0
523,20,2026-04-16 11:02:47,2026-04-16 11:07:52,4,1.0,,,,,,,3.0,5.0,2.0,1.0,71.0,1.0,6.0
524,20,2026-04-16 11:03:06,2026-04-16 11:09:15,2,1.0,,,1.0,7.0,,,,,2.0,1.0,62.0,1.0,5.0
525,16,2026-04-16 11:03:49,2026-04-16 11:14:00,4,1.0,,,,,,,4.0,2.0,2.0,0.0,,,
526,16,2026-04-16 11:05:40,2026-04-16 11:09:10,2,1.0,,,3.0,7.0,,,,,2.0,0.0,,,
527,20,2026-04-16 11:06:24,2026-04-16 11:10:49,3,1.0,,,,,3.0,4.0,,,2.0,1.0,55.0,1.0,7.0
528,20,2026-04-16 11:06:35,2026-04-16 11:08:57,4,1.0,,,,,,,2.0,4.0,2.0,1.0,54.0,2.0,2.0
529,20,2026-04-16 11:08:05,2026-04-16 11:10:58,4,1.0,,,,,,,4.0,4.0,2.0,1.0,63.0,2.0,5.0
530,20,2026-04-16 11:09:14,2026-04-16 11:12:06,2,1.0,,,2.0,5.0,,,,,2.0,1.0,57.0,2.0,5.0
531,20,2026-04-16 11:12:29,2026-04-16 11:19:38,2,1.0,,,2.0,4.0,,,,,2.0,1.0,40.0,2.0,6.0
532,20,2026-04-16 11:15:42,2026-04-16 11:17:23,1,1.0,3.0,7.0,,,,,,,2.0,1.0,34.0,1.0,7.0
533,16,2026-04-16 11:17:16,2026-04-16 11:18:57,3,1.0,,,,,5.0,4.0,,,2.0,0.0,,,
534,20,2026-04-16 11:18:53,2026-04-16 11:21:33,3,1.0,,,,,3.0,5.0,,,2.0,1.0,63.0,2.0,5.0
535,20,2026-04-16 11:19:02,2026-04-16 11:21:13,3,1.0,,,,,2.0,2.0,,,2.0,1.0,48.0,1.0,5.0
536,16,2026-04-16 11:19:31,2026-04-16 11:21:55,2,1.0,,,3.0,7.0,,,,,2.0,0.0,,,
537,20,2026-04-16 11:22:18,2026-04-16 11:25:17,3,1.0,,,,,1.0,7.0,,,2.0,1.0,58.0,1.0,8.0
538,20,2026-04-16 11:24:06,2026-04-16 11:25:07,1,1.0,3.0,6.0,,,,,,,2.0,1.0,40.0,2.0,5.0
539,20,2026-04-16 11:25:11,2026-04-16 11:28:59,4,1.0,,,,,,,4.0,2.0,2.0,1.0,62.0,2.0,6.0
540,2,2026-04-16 11:29:59,2026-04-16 11:29:59,2,,,,,,,,,,,,,,
541,4,2026-04-16 11:40:28,2026-04-16 11:40:59,3,0.0,,,,,,,,,,,,,
542,2,2026-04-16 11:40:47,2026-04-16 11:40:47,2,,,,,,,,,,,,,,
543,20,2026-04-16 11:42:25,2026-04-16 11:44:23,3,1.0,,,,,3.0,4.0,,,2.0,1.0,60.0,1.0,3.0
544,2,2026-04-16 11:42:51,2026-04-16 11:42:51,4,,,,,,,,,,,,,,
545,14,2026-04-16 11:43:01,2026-04-16 11:44:57,3,1.0,,,,,4.0,3.0,,,5.0,,,,
546,20,2026-04-16 11:51:43,2026-04-16 11:53:50,4,1.0,,,,,,,3.0,4.0,2.0,1.0,48.0,2.0,5.0
547,4,2026-04-16 12:01:09,2026-04-16 12:01:15,2,0.0,,,,,,,,,,,,,
548,4,2026-04-16 12:05:46,2026-04-16 12:06:02,4,0.0,,,,,,,,,,,,,
549,20,2026-04-16 12:07:31,2026-04-16 12:09:57,3,1.0,,,,,3.0,5.0,,,2.0,1.0,59.0,1.0,5.0
550,16,2026-04-16 12:08:14,2026-04-16 12:12:16,4,1.0,,,,,,,3.0,7.0,2.0,0.0,,,
551,20,2026-04-16 12:08:31,2026-04-16 12:11:54,3,1.0,,,,,2.0,5.0,,,2.0,1.0,61.0,2.0,5.0
552,6,2026-04-16 12:14:05,2026-04-16 12:14:49,1,1.0,3.0,,,,,,,,,,,,
553,20,2026-04-16 12:14:08,2026-04-16 12:16:20,1,1.0,1.0,7.0,,,,,,,2.0,1.0,46.0,1.0,5.0
554,16,2026-04-16 12:14:58,2026-04-16 12:16:54,2,1.0,,,2.0,7.0,,,,,2.0,0.0,,,
555,20,2026-04-16 12:18:29,2026-04-16 12:20:30,1,1.0,3.0,7.0,,,,,,,2.0,1.0,57.0,2.0,3.0
556,20,2026-04-16 12:23:38,2026-04-16 12:26:28,2,1.0,,,2.0,7.0,,,,,2.0,1.0,63.0,2.0,4.0
557,16,2026-04-16 12:26:10,2026-04-16 12:29:11,1,1.0,3.0,6.0,,,,,,,2.0,0.0,,,
558,20,2026-04-16 12:28:31,2026-04-16 12:31:59,3,1.0,,,,,1.0,1.0,,,2.0,1.0,63.0,1.0,8.0
559,20,2026-04-16 12:30:44,2026-04-16 12:32:37,3,1.0,,,,,1.0,5.0,,,2.0,1.0,60.0,1.0,8.0
560,20,2026-04-16 12:32:13,2026-04-16 12:34:16,3,1.0,,,,,3.0,6.0,,,2.0,1.0,41.0,1.0,5.0
561,16,2026-04-16 12:34:04,2026-04-16 12:47:22,2,1.0,,,2.0,2.0,,,,,2.0,0.0,,,
562,16,2026-04-16 12:43:10,2026-04-16 12:44:42,2,1.0,,,1.0,7.0,,,,,2.0,0.0,,,
563,20,2026-04-16 12:45:36,2026-04-16 12:51:07,4,1.0,,,,,,,4.0,4.0,2.0,1.0,63.0,2.0,5.0
564,20,2026-04-16 12:47:31,2026-04-16 12:49:16,3,1.0,,,,,3.0,4.0,,,2.0,1.0,48.0,2.0,4.0
565,16,2026-04-16 12:48:03,2026-04-16 13:02:38,2,1.0,,,3.0,4.0,,,,,2.0,0.0,,,
566,20,2026-04-16 12:48:26,2026-04-16 12:50:40,2,1.0,,,4.0,4.0,,,,,2.0,1.0,63.0,2.0,3.0
567,16,2026-04-16 12:50:29,2026-04-16 12:53:24,4,1.0,,,,,,,3.0,7.0,2.0,0.0,,,
568,16,2026-04-16 12:54:20,2026-04-16 13:00:54,1,1.0,3.0,7.0,,,,,,,2.0,0.0,,,
569,20,2026-04-16 12:56:16,2026-04-16 12:58:16,3,1.0,,,,,3.0,4.0,,,2.0,1.0,36.0,2.0,5.0
570,14,2026-04-16 12:57:15,2026-04-16 12:57:59,3,1.0,,,,,2.0,3.0,,,3.0,,,,
571,4,2026-04-16 13:07:06,2026-04-16 13:07:25,1,0.0,,,,,,,,,,,,,
572,20,2026-04-16 13:08:09,2026-04-16 13:10:30,1,1.0,3.0,7.0,,,,,,,2.0,1.0,58.0,1.0,6.0
573,20,2026-04-16 13:10:16,2026-04-16 13:19:40,2,1.0,,,2.0,7.0,,,,,2.0,1.0,53.0,1.0,7.0
574,2,2026-04-16 13:10:40,2026-04-16 13:10:40,2,,,,,,,,,,,,,,
575,4,2026-04-16 13:13:14,2026-04-16 13:13:37,2,0.0,,,,,,,,,,,,,
576,5,2026-04-16 13:15:51,2026-04-16 13:16:26,1,1.0,,,,,,,,,,,,,
577,16,2026-04-16 13:18:03,2026-04-16 13:19:05,1,1.0,1.0,7.0,,,,,,,2.0,0.0,,,
578,20,2026-04-16 13:21:48,2026-04-16 13:22:56,2,1.0,,,2.0,6.0,,,,,2.0,1.0,34.0,2.0,7.0
579,20,2026-04-16 13:21:59,2026-04-16 13:23:54,1,1.0,3.0,7.0,,,,,,,2.0,1.0,36.0,2.0,8.0
580,4,2026-04-16 13:25:22,2026-04-16 13:26:03,3,0.0,,,,,,,,,,,,,
581,20,2026-04-16 13:33:05,2026-04-16 13:35:37,3,1.0,,,,,3.0,5.0,,,2.0,1.0,19.0,2.0,4.0
582,20,2026-04-16 13:37:42,2026-04-16 13:40:25,3,1.0,,,,,3.0,6.0,,,2.0,1.0,44.0,1.0,8.0
583,16,2026-04-16 13:40:52,2026-04-16 13:43:01,3,1.0,,,,,3.0,5.0,,,2.0,0.0,,,
584,20,2026-04-16 13:44:04,2026-04-16 13:46:50,1,1.0,3.0,7.0,,,,,,,2.0,1.0,50.0,2.0,2.0
585,8,2026-04-16 13:44:23,2026-04-16 13:45:35,2,1.0,,,5.0,,,,,,,,,,
586,20,2026-04-16 13:48:14,2026-04-16 13:50:18,4,1.0,,,,,,,2.0,7.0,2.0,1.0,35.0,2.0,7.0
587,20,2026-04-16 13:49:46,2026-04-16 13:52:11,4,1.0,,,,,,,1.0,4.0,2.0,1.0,33.0,1.0,6.0
588,20,2026-04-16 13:51:44,2026-04-16 13:56:35,2,1.0,,,2.0,5.0,,,,,2.0,1.0,46.0,2.0,6.0
589,3,2026-04-16 13:56:00,2026-04-16 13:56:16,1,,,,,,,,,,,,,,
590,20,2026-04-16 14:00:45,2026-04-16 14:02:19,2,1.0,,,2.0,7.0,,,,,2.0,1.0,29.0,2.0,5.0
591,9,2026-04-16 14:04:59,2026-04-16 14:05:19,3,1.0,,,,,,,,,,,,,
592,16,2026-04-16 14:10:05,2026-04-16 14:11:57,2,1.0,,,3.0,7.0,,,,,2.0,0.0,,,
593,20,2026-04-16 14:11:36,2026-04-16 14:15:05,3,1.0,,,,,3.0,5.0,,,2.0,1.0,71.0,2.0,8.0
594,16,2026-04-16 14:12:20,2026-04-16 14:12:44,1,1.0,3.0,7.0,,,,,,,2.0,0.0,,,
595,16,2026-04-16 14:20:31,2026-04-16 14:23:11,3,1.0,,,,,3.0,6.0,,,2.0,0.0,,,
596,20,2026-04-16 14:21:01,2026-04-16 14:24:06,4,1.0,,,,,,,4.0,7.0,2.0,1.0,51.0,2.0,8.0
597,2,2026-04-16 14:27:09,2026-04-16 14:27:09,3,,,,,,,,,,,,,,
598,20,2026-04-16 14:30:15,2026-04-16 14:34:17,2,1.0,,,3.0,7.0,,,,,2.0,1.0,64.0,2.0,3.0
599,2,2026-04-16 14:33:50,2026-04-16 14:33:50,1,,,,,,,,,,,,,,
600,4,2026-04-16 14:33:56,2026-04-16 14:34:03,2,0.0,,,,,,,,,,,,,
601,20,2026-04-16 14:34:19,2026-04-16 14:36:18,2,1.0,,,1.0,5.0,,,,,2.0,1.0,18.0,2.0,3.0
602,4,2026-04-16 14:36:41,2026-04-16 14:37:55,3,0.0,,,,,,,,,,,,,
603,2,2026-04-16 14:37:34,2026-04-16 14:37:34,2,,,,,,,,,,,,,,
604,20,2026-04-16 14:41:28,2026-04-16 14:45:53,1,1.0,3.0,7.0,,,,,,,2.0,1.0,69.0,1.0,8.0
605,16,2026-04-16 14:44:29,2026-04-16 14:49:05,1,1.0,3.0,7.0,,,,,,,2.0,0.0,,,
606,4,2026-04-16 14:45:25,2026-04-16 14:45:48,1,0.0,,,,,,,,,,,,,
607,2,2026-04-16 14:45:57,2026-04-16 14:45:57,4,,,,,,,,,,,,,,
608,2,2026-04-16 14:54:40,2026-04-16 14:54:40,3,,,,,,,,,,,,,,
609,4,2026-04-16 14:57:38,2026-04-16 14:57:51,2,0.0,,,,,,,,,,,,,
610,20,2026-04-16 14:58:19,2026-04-16 15:01:37,2,1.0,,,4.0,6.0,,,,,2.0,1.0,32.0,2.0,8.0
611,20,2026-04-16 15:05:56,2026-04-16 15:09:55,2,1.0,,,2.0,7.0,,,,,2.0,1.0,70.0,1.0,5.0
612,16,2026-04-16 15:10:55,2026-04-16 15:12:13,2,1.0,,,1.0,7.0,,,,,2.0,0.0,,,
613,20,2026-04-16 15:21:27,2026-04-16 15:23:48,1,1.0,3.0,6.0,,,,,,,2.0,1.0,70.0,1.0,6.0
614,20,2026-04-16 15:23:44,2026-04-16 15:25:37,4,1.0,,,,,,,3.0,5.0,2.0,1.0,47.0,1.0,6.0
615,16,2026-04-16 15:33:01,2026-04-16 15:33:46,2,1.0,,,1.0,7.0,,,,,2.0,0.0,,,
616,20,2026-04-16 15:49:14,2026-04-16 15:50:56,1,1.0,3.0,7.0,,,,,,,2.0,1.0,61.0,2.0,4.0
617,20,2026-04-16 15:53:10,2026-04-16 15:58:36,4,1.0,,,,,,,2.0,2.0,2.0,1.0,47.0,1.0,8.0
618,20,2026-04-16 15:57:14,2026-04-16 15:59:00,2,1.0,,,4.0,6.0,,,,,2.0,1.0,28.0,2.0,8.0
619,16,2026-04-16 16:00:48,2026-04-16 16:02:10,4,1.0,,,,,,,3.0,4.0,2.0,0.0,,,
620,16,2026-04-16 16:04:50,2026-04-16 16:07:18,3,1.0,,,,,1.0,4.0,,,2.0,0.0,,,
621,20,2026-04-16 16:06:17,2026-04-16 16:09:05,3,1.0,,,,,5.0,5.0,,,2.0,1.0,60.0,2.0,5.0
622,2,2026-04-16 16:10:10,2026-04-16 16:10:10,4,,,,,,,,,,,,,,
623,20,2026-04-16 16:15:40,2026-04-16 16:17:45,2,1.0,,,1.0,4.0,,,,,2.0,1.0,35.0,2.0,5.0
624,16,2026-04-16 16:21:23,2026-04-16 16:23:04,3,1.0,,,,,5.0,4.0,,,2.0,0.0,,,
625,4,2026-04-16 16:22:17,2026-04-16 16:22:46,4,0.0,,,,,,,,,,,,,
626,20,2026-04-16 16:23:44,2026-04-16 16:25:35,2,1.0,,,5.0,6.0,,,,,2.0,1.0,65.0,2.0,5.0
627,20,2026-04-16 16:28:51,2026-04-16 16:31:48,2,1.0,,,4.0,4.0,,,,,2.0,1.0,52.0,2.0,4.0
628,20,2026-04-16 16:31:21,2026-04-16 16:33:17,1,1.0,5.0,4.0,,,,,,,2.0,1.0,53.0,2.0,3.0
629,20,2026-04-16 16:37:46,2026-04-16 16:40:33,1,1.0,5.0,7.0,,,,,,,2.0,1.0,46.0,1.0,8.0
630,20,2026-04-16 16:40:55,2026-04-16 16:44:04,3,1.0,,,,,3.0,6.0,,,2.0,1.0,36.0,1.0,5.0
631,14,2026-04-16 16:44:05,2026-04-16 16:45:58,1,1.0,2.0,2.0,,,,,,,4.0,,,,
632,20,2026-04-16 16:45:44,2026-04-16 16:47:25,1,1.0,3.0,7.0,,,,,,,2.0,1.0,48.0,1.0,5.0
633,16,2026-04-16 16:47:32,2026-04-16 16:50:27,4,1.0,,,,,,,3.0,2.0,2.0,0.0,,,
634,20,2026-04-16 16:49:39,2026-04-16 16:51:36,3,1.0,,,,,3.0,6.0,,,2.0,1.0,57.0,1.0,5.0
635,14,2026-04-16 16:50:22,2026-04-16 16:51:09,3,1.0,,,,,4.0,4.0,,,4.0,,,,
636,20,2026-04-16 17:03:35,2026-04-16 17:40:55,2,1.0,,,2.0,7.0,,,,,2.0,1.0,36.0,1.0,5.0
637,16,2026-04-16 17:06:16,2026-04-16 17:08:04,1,1.0,3.0,7.0,,,,,,,2.0,0.0,,,
638,4,2026-04-16 17:11:13,2026-04-16 17:11:21,3,0.0,,,,,,,,,,,,,
639,20,2026-04-16 17:17:05,2026-04-16 17:20:22,2,1.0,,,2.0,2.0,,,,,2.0,1.0,75.0,1.0,8.0
640,20,2026-04-16 17:17:32,2026-04-16 17:21:36,1,1.0,4.0,6.0,,,,,,,2.0,1.0,38.0,1.0,2.0
641,7,2026-04-16 17:18:36,2026-04-16 17:18:49,2,1.0,,,,,,,,,,,,,
642,2,2026-04-16 17:19:04,2026-04-16 17:19:04,4,,,,,,,,,,,,,,
643,14,2026-04-16 17:30:02,2026-04-16 17:31:26,2,1.0,,,3.0,7.0,,,,,4.0,,,,
644,20,2026-04-16 17:39:46,2026-04-16 17:42:39,1,1.0,1.0,7.0,,,,,,,2.0,1.0,28.0,2.0,4.0
645,20,2026-04-16 17:44:01,2026-04-16 17:47:01,1,1.0,1.0,7.0,,,,,,,2.0,1.0,54.0,2.0,5.0
646,7,2026-04-16 17:54:00,2026-04-16 17:55:01,2,1.0,,,,,,,,,,,,,
647,14,2026-04-16 18:12:26,2026-04-16 18:13:29,4,1.0,,,,,,,3.0,5.0,4.0,,,,
648,20,2026-04-16 18:26:34,2026-04-16 18:31:32,2,1.0,,,4.0,7.0,,,,,2.0,1.0,48.0,2.0,5.0
649,2,2026-04-16 18:30:20,2026-04-16 18:30:20,1,,,,,,,,,,,,,,
650,20,2026-04-16 18:31:56,2026-04-16 18:34:56,2,1.0,,,4.0,7.0,,,,,2.0,1.0,52.0,1.0,5.0
651,4,2026-04-16 18:36:53,2026-04-16 18:37:01,3,0.0,,,,,,,,,,,,,
652,20,2026-04-16 18:49:45,2026-04-16 18:52:58,2,1.0,,,2.0,7.0,,,,,2.0,1.0,56.0,1.0,6.0
653,4,2026-04-16 18:54:09,2026-04-16 18:55:20,2,0.0,,,,,,,,,,,,,
654,16,2026-04-16 18:57:14,2026-04-16 19:08:27,3,1.0,,,,,1.0,6.0,,,2.0,0.0,,,
655,2,2026-04-16 19:05:42,2026-04-16 19:05:42,4,,,,,,,,,,,,,,
656,20,2026-04-16 19:07:21,2026-04-16 19:09:34,1,1.0,3.0,6.0,,,,,,,2.0,1.0,59.0,1.0,7.0
657,20,2026-04-16 19:08:10,2026-04-16 19:09:45,3,1.0,,,,,2.0,4.0,,,2.0,1.0,52.0,2.0,11.0
658,20,2026-04-16 19:08:12,2026-04-16 19:10:17,4,1.0,,,,,,,3.0,4.0,2.0,1.0,65.0,1.0,8.0
659,20,2026-04-16 19:20:18,2026-04-16 19:22:06,1,1.0,3.0,7.0,,,,,,,2.0,1.0,27.0,2.0,5.0
660,20,2026-04-16 19:22:39,2026-04-16 19:25:21,3,1.0,,,,,1.0,2.0,,,2.0,1.0,59.0,2.0,7.0
661,20,2026-04-16 19:26:51,2026-04-16 19:30:44,1,1.0,1.0,6.0,,,,,,,2.0,1.0,42.0,2.0,8.0
662,20,2026-04-16 19:28:19,2026-04-16 19:30:13,3,1.0,,,,,3.0,5.0,,,2.0,1.0,44.0,1.0,3.0
663,20,2026-04-16 19:33:31,2026-04-16 19:35:41,4,1.0,,,,,,,2.0,3.0,2.0,1.0,37.0,1.0,5.0
664,4,2026-04-16 19:33:45,2026-04-16 19:34:24,3,0.0,,,,,,,,,,,,,
665,20,2026-04-16 19:37:36,2026-04-16 19:39:17,3,1.0,,,,,2.0,2.0,,,2.0,1.0,29.0,2.0,4.0
666,20,2026-04-16 19:40:03,2026-04-16 19:42:55,4,1.0,,,,,,,3.0,3.0,2.0,1.0,66.0,2.0,5.0
667,4,2026-04-16 19:41:29,2026-04-16 19:41:38,2,0.0,,,,,,,,,,,,,
668,20,2026-04-16 19:54:34,2026-04-16 19:57:14,1,1.0,2.0,7.0,,,,,,,2.0,1.0,56.0,2.0,5.0
669,20,2026-04-16 20:00:57,2026-04-16 20:04:36,4,1.0,,,,,,,3.0,7.0,2.0,1.0,72.0,2.0,3.0
670,14,2026-04-16 20:02:37,2026-04-16 20:03:53,2,1.0,,,2.0,1.0,,,,,3.0,,,,
671,20,2026-04-16 20:05:29,2026-04-16 20:08:01,3,1.0,,,,,1.0,7.0,,,2.0,1.0,64.0,1.0,8.0
672,20,2026-04-16 20:17:42,2026-04-16 20:20:26,3,1.0,,,,,1.0,4.0,,,2.0,1.0,36.0,2.0,8.0
673,20,2026-04-16 20:18:31,2026-04-16 20:28:03,4,1.0,,,,,,,3.0,6.0,2.0,1.0,24.0,2.0,4.0
674,16,2026-04-16 20:19:56,2026-04-16 20:21:39,1,1.0,3.0,6.0,,,,,,,2.0,0.0,,,
675,20,2026-04-16 20:29:40,2026-04-16 20:35:37,3,1.0,,,,,3.0,4.0,,,2.0,1.0,23.0,2.0,4.0
676,20,2026-04-16 20:40:03,2026-04-16 20:42:36,4,1.0,,,,,,,1.0,6.0,2.0,1.0,27.0,2.0,8.0
677,20,2026-04-16 20:45:01,2026-04-16 20:47:19,3,1.0,,,,,2.0,5.0,,,2.0,1.0,42.0,2.0,5.0
678,20,2026-04-16 20:48:52,2026-04-16 20:50:48,1,1.0,3.0,7.0,,,,,,,2.0,1.0,51.0,2.0,5.0
679,16,2026-04-16 20:49:54,2026-04-16 20:52:56,4,1.0,,,,,,,3.0,4.0,2.0,0.0,,,
680,11,2026-04-16 21:01:17,2026-04-16 21:01:39,4,1.0,,,,,,,,,,,,,
681,20,2026-04-16 21:03:35,2026-04-16 21:06:46,4,1.0,,,,,,,5.0,5.0,2.0,1.0,44.0,1.0,4.0
682,20,2026-04-16 21:13:55,2026-04-16 21:16:46,3,1.0,,,,,1.0,3.0,,,2.0,1.0,68.0,1.0,11.0
683,16,2026-04-16 21:16:40,2026-04-16 21:19:14,4,1.0,,,,,,,4.0,4.0,2.0,0.0,,,
684,2,2026-04-16 21:21:40,2026-04-16 21:21:40,1,,,,,,,,,,,,,,
685,14,2026-04-16 21:26:48,2026-04-16 21:29:13,1,1.0,2.0,7.0,,,,,,,5.0,,,,
686,14,2026-04-16 21:27:56,2026-04-16 21:28:49,3,1.0,,,,,3.0,4.0,,,3.0,,,,
687,4,2026-04-16 21:34:28,2026-04-16 21:34:43,3,0.0,,,,,,,,,,,,,
688,20,2026-04-16 22:03:26,2026-04-16 22:07:00,3,1.0,,,,,3.0,5.0,,,2.0,1.0,69.0,2.0,8.0
689,20,2026-04-16 22:10:44,2026-04-16 22:14:02,3,1.0,,,,,3.0,7.0,,,2.0,1.0,70.0,2.0,8.0
690,4,2026-04-16 22:18:11,2026-04-16 22:18:39,3,0.0,,,,,,,,,,,,,
691,20,2026-04-16 22:29:48,2026-04-16 22:32:36,4,1.0,,,,,,,4.0,2.0,2.0,1.0,33.0,2.0,8.0
692,20,2026-04-16 22:31:53,2026-04-16 22:34:15,1,1.0,3.0,7.0,,,,,,,2.0,1.0,24.0,2.0,4.0
693,20,2026-04-16 22:41:26,2026-04-16 22:43:40,4,1.0,,,,,,,4.0,4.0,2.0,1.0,67.0,2.0,8.0
694,16,2026-04-16 22:48:29,2026-04-16 22:54:24,1,1.0,2.0,7.0,,,,,,,2.0,0.0,,,
695,16,2026-04-16 22:54:12,2026-04-16 22:58:12,4,1.0,,,,,,,1.0,4.0,2.0,0.0,,,
696,14,2026-04-16 23:09:09,2026-04-16 23:09:56,1,1.0,3.0,5.0,,,,,,,2.0,,,,
697,16,2026-04-16 23:15:38,2026-04-16 23:17:02,1,1.0,3.0,7.0,,,,,,,2.0,0.0,,,
698,20,2026-04-16 23:36:46,2026-04-16 23:39:38,1,1.0,3.0,7.0,,,,,,,2.0,1.0,59.0,2.0,5.0
699,2,2026-04-16 23:47:45,2026-04-16 23:47:45,2,,,,,,,,,,,,,,
700,20,2026-04-17 00:26:29,2026-04-17 00:27:55,3,1.0,,,,,3.0,7.0,,,2.0,1.0,23.0,2.0,4.0
701,20,2026-04-17 00:50:11,2026-04-17 00:52:26,4,1.0,,,,,,,2.0,4.0,2.0,1.0,32.0,2.0,7.0
702,20,2026-04-17 01:25:32,2026-04-17 01:29:10,3,1.0,,,,,1.0,7.0,,,2.0,1.0,69.0,2.0,5.0
703,14,2026-04-17 01:36:09,2026-04-17 01:37:04,2,1.0,,,5.0,4.0,,,,,5.0,,,,
704,4,2026-04-17 02:00:41,2026-04-17 02:00:56,4,0.0,,,,,,,,,,,,,
705,10,2026-04-17 02:11:10,2026-04-17 02:13:51,3,1.0,,,,,2.0,,,,,,,,
706,20,2026-04-17 04:52:32,2026-04-17 04:55:02,3,1.0,,,,,2.0,4.0,,,2.0,1.0,60.0,2.0,4.0
707,7,2026-04-17 05:29:26,2026-04-17 05:29:46,2,1.0,,,,,,,,,,,,,
708,4,2026-04-17 06:18:45,2026-04-17 06:19:10,4,0.0,,,,,,,,,,,,,
709,20,2026-04-17 06:22:50,2026-04-17 06:26:37,2,1.0,,,4.0,5.0,,,,,2.0,1.0,59.0,1.0,5.0
710,20,2026-04-17 06:30:16,2026-04-17 06:32:45,1,1.0,1.0,7.0,,,,,,,2.0,1.0,46.0,2.0,7.0
711,16,2026-04-17 06:53:04,2026-04-17 06:54:33,2,1.0,,,2.0,6.0,,,,,2.0,0.0,,,
712,20,2026-04-17 07:02:03,2026-04-17 07:08:22,1,1.0,1.0,7.0,,,,,,,2.0,1.0,56.0,2.0,3.0
713,16,2026-04-17 07:25:41,2026-04-17 07:28:10,2,1.0,,,2.0,7.0,,,,,2.0,0.0,,,
